Date,Route_ID,Route_Name,Time_Slot,Weather_Condition,Temperature_C_x,Rainfall_mm_x,Passenger_Count,Year,Month,Day,Hour,Rainfall_mm_y,SolarRadiation_Wm2,Temperature_C_y,WindSpeed_mps,WindDirection_deg,Live_Congestion,Usual_Congestion,Live_Speed_kmph,Delay_Minutes,Accident_Risk_Level,Predicted_Passenger_Count,Alert
2025-01-01,0,8,2,0,20.9,0.0,181,2025.0,1.0,1.0,9.0,,,,,,79.0,50.0,15.5,3,0,181,⚠️ Heavy traffic or long delay
2025-01-01,0,8,0,1,24.0,0.0,148,2025.0,1.0,1.0,9.0,,,,,,85.5,50.0,15.5,14,0,131,⚠️ Heavy traffic or long delay
2025-01-01,0,8,1,3,28.6,0.0,176,2025.0,1.0,1.0,9.0,,,,,,74.0,50.0,15.5,21,0,169,⚠️ Heavy traffic or long delay
2025-01-01,2,7,2,2,20.9,8.1,109,2025.0,1.0,1.0,9.0,,,,,,81.0,50.0,15.5,14,0,105,⚠️ Heavy traffic or long delay
2025-01-01,2,7,3,3,31.1,0.0,41,2025.0,1.0,1.0,9.0,,,,,,79.0,50.0,15.5,16,0,33,⚠️ Heavy traffic or long delay
2025-01-01,3,9,2,1,22.0,0.0,199,2025.0,1.0,1.0,9.0,,,,,,88.5,50.0,15.5,11,0,174,⚠️ Heavy traffic or long delay
2025-01-01,3,9,0,0,29.8,0.0,125,2025.0,1.0,1.0,9.0,,,,,,69.0,50.0,15.5,18,0,107,⚠️ Heavy traffic or long delay
2025-01-01,4,3,1,3,31.4,0.0,88,2025.0,1.0,1.0,9.0,,,,,,86.0,50.0,15.5,19,0,87,⚠️ Heavy traffic or long delay
2025-01-01,4,3,3,1,31.7,0.0,35,2025.0,1.0,1.0,9.0,,,,,,77.5,50.0,15.5,1,0,45,⚠️ Heavy traffic or long delay
2025-01-01,5,1,2,0,25.5,0.0,159,2025.0,1.0,1.0,9.0,,,,,,79.5,50.0,15.5,23,0,152,⚠️ Heavy traffic or long delay
2025-01-01,6,2,2,1,31.9,0.0,234,2025.0,1.0,1.0,9.0,,,,,,86.0,50.0,15.5,24,0,232,⚠️ Heavy traffic or long delay
2025-01-01,6,2,1,1,32.4,0.0,243,2025.0,1.0,1.0,9.0,,,,,,71.5,50.0,15.5,20,0,239,⚠️ Heavy traffic or long delay
2025-01-01,6,2,3,0,24.1,0.0,92,2025.0,1.0,1.0,9.0,,,,,,81.5,50.0,15.5,21,0,88,⚠️ Heavy traffic or long delay
2025-01-01,7,0,2,1,30.9,0.0,71,2025.0,1.0,1.0,9.0,,,,,,74.5,50.0,15.5,20,0,72,⚠️ Heavy traffic or long delay
2025-01-01,7,0,0,1,25.8,0.0,55,2025.0,1.0,1.0,9.0,,,,,,78.5,50.0,15.5,5,0,59,⚠️ Heavy traffic or long delay
2025-01-01,7,0,3,1,28.4,0.0,34,2025.0,1.0,1.0,9.0,,,,,,89.5,50.0,15.5,22,0,33,⚠️ Heavy traffic or long delay
2025-01-01,8,6,0,0,22.1,0.0,207,2025.0,1.0,1.0,9.0,,,,,,76.0,50.0,15.5,3,0,202,⚠️ Heavy traffic or long delay
2025-01-01,8,6,3,1,26.7,0.0,190,2025.0,1.0,1.0,9.0,,,,,,88.5,50.0,15.5,23,0,136,⚠️ Heavy traffic or long delay
2025-01-01,9,5,2,0,23.4,0.0,149,2025.0,1.0,1.0,9.0,,,,,,70.5,50.0,15.5,22,0,155,⚠️ Heavy traffic or long delay
2025-01-01,9,5,0,2,25.2,9.7,85,2025.0,1.0,1.0,9.0,,,,,,81.5,50.0,15.5,8,0,85,⚠️ Heavy traffic or long delay
2025-01-01,9,5,1,2,23.1,4.5,191,2025.0,1.0,1.0,9.0,,,,,,72.0,50.0,15.5,22,0,191,⚠️ Heavy traffic or long delay
2025-01-01,9,5,3,0,30.0,0.0,48,2025.0,1.0,1.0,9.0,,,,,,84.0,50.0,15.5,2,0,60,⚠️ Heavy traffic or long delay
2025-01-01,1,4,2,1,26.3,0.0,51,2025.0,1.0,1.0,9.0,,,,,,73.0,50.0,15.5,18,0,48,⚠️ Heavy traffic or long delay
2025-01-01,1,4,0,3,30.7,0.0,37,2025.0,1.0,1.0,9.0,,,,,,89.0,50.0,15.5,7,0,27,⚠️ Heavy traffic or long delay
2025-01-01,1,4,1,0,26.7,0.0,55,2025.0,1.0,1.0,9.0,,,,,,80.5,50.0,15.5,4,0,40,⚠️ Heavy traffic or long delay
2025-01-02,0,8,2,1,31.1,0.0,163,2025.0,1.0,1.0,9.0,,,,,,89.5,50.0,15.5,23,0,166,⚠️ Heavy traffic or long delay
2025-01-02,0,8,3,3,25.5,0.0,99,2025.0,1.0,1.0,9.0,,,,,,83.0,50.0,15.5,19,0,102,⚠️ Heavy traffic or long delay
2025-01-02,2,7,2,0,21.4,0.0,59,2025.0,1.0,1.0,9.0,,,,,,85.0,50.0,15.5,10,0,74,⚠️ Heavy traffic or long delay
2025-01-02,2,7,0,0,28.6,0.0,43,2025.0,1.0,1.0,9.0,,,,,,81.5,50.0,15.5,3,0,45,⚠️ Heavy traffic or long delay
2025-01-02,2,7,1,1,25.9,0.0,86,2025.0,1.0,1.0,9.0,,,,,,87.0,50.0,15.5,14,0,63,⚠️ Heavy traffic or long delay
2025-01-02,2,7,3,0,23.2,0.0,32,2025.0,1.0,1.0,9.0,,,,,,85.5,50.0,15.5,5,0,35,⚠️ Heavy traffic or long delay
2025-01-02,3,9,2,2,26.5,9.4,181,2025.0,1.0,1.0,9.0,,,,,,88.0,50.0,15.5,21,0,178,⚠️ Heavy traffic or long delay
2025-01-02,3,9,0,3,27.8,0.0,94,2025.0,1.0,1.0,9.0,,,,,,61.0,50.0,15.5,16,0,86,⚠️ Heavy traffic or long delay
2025-01-02,3,9,1,2,31.1,9.4,206,2025.0,1.0,1.0,9.0,,,,,,78.0,50.0,15.5,23,0,205,⚠️ Heavy traffic or long delay
2025-01-02,3,9,3,2,21.5,4.8,117,2025.0,1.0,1.0,9.0,,,,,,85.0,50.0,15.5,5,0,78,⚠️ Heavy traffic or long delay
2025-01-02,4,3,2,1,26.1,0.0,119,2025.0,1.0,1.0,9.0,,,,,,63.0,50.0,15.5,18,0,102,⚠️ Heavy traffic or long delay
2025-01-02,4,3,0,2,32.9,5.1,64,2025.0,1.0,1.0,9.0,,,,,,70.0,50.0,15.5,24,0,65,⚠️ Heavy traffic or long delay
2025-01-02,4,3,3,3,30.8,0.0,45,2025.0,1.0,1.0,9.0,,,,,,79.0,50.0,15.5,14,0,55,⚠️ Heavy traffic or long delay
2025-01-02,5,1,1,3,24.5,0.0,70,2025.0,1.0,1.0,9.0,,,,,,72.0,50.0,15.5,18,0,125,⚠️ Heavy traffic or long delay
2025-01-02,5,1,3,3,26.5,0.0,42,2025.0,1.0,1.0,9.0,,,,,,89.5,50.0,15.5,12,0,40,⚠️ Heavy traffic or long delay
2025-01-02,6,2,0,1,31.3,0.0,161,2025.0,1.0,1.0,9.0,,,,,,84.5,50.0,15.5,4,0,149,⚠️ Heavy traffic or long delay
2025-01-02,6,2,1,3,32.2,0.0,98,2025.0,1.0,1.0,9.0,,,,,,88.5,50.0,15.5,5,0,108,⚠️ Heavy traffic or long delay
2025-01-02,6,2,3,1,32.3,0.0,106,2025.0,1.0,1.0,9.0,,,,,,64.0,50.0,15.5,21,0,107,⚠️ Heavy traffic or long delay
2025-01-02,7,0,0,3,27.5,0.0,37,2025.0,1.0,1.0,9.0,,,,,,86.0,50.0,15.5,18,0,44,⚠️ Heavy traffic or long delay
2025-01-02,7,0,1,0,31.4,0.0,90,2025.0,1.0,1.0,9.0,,,,,,60.5,50.0,15.5,19,0,86,⚠️ Heavy traffic or long delay
2025-01-02,8,6,2,3,30.4,0.0,275,2025.0,1.0,1.0,9.0,,,,,,73.5,50.0,15.5,19,0,279,⚠️ Heavy traffic or long delay
2025-01-02,8,6,0,0,27.7,0.0,114,2025.0,1.0,1.0,9.0,,,,,,83.0,50.0,15.5,16,0,145,⚠️ Heavy traffic or long delay
2025-01-02,8,6,1,2,32.4,2.5,327,2025.0,1.0,1.0,9.0,,,,,,89.5,50.0,15.5,11,0,302,⚠️ Heavy traffic or long delay
2025-01-02,9,5,2,2,28.1,5.5,195,2025.0,1.0,1.0,9.0,,,,,,81.5,50.0,15.5,0,0,194,⚠️ Heavy traffic or long delay
2025-01-02,9,5,1,2,31.9,6.9,166,2025.0,1.0,1.0,9.0,,,,,,83.0,50.0,15.5,5,0,167,⚠️ Heavy traffic or long delay
2025-01-02,9,5,3,3,21.8,0.0,109,2025.0,1.0,1.0,9.0,,,,,,77.0,50.0,15.5,4,0,102,⚠️ Heavy traffic or long delay
2025-01-02,1,4,1,0,27.4,0.0,36,2025.0,1.0,1.0,9.0,,,,,,77.5,50.0,15.5,12,0,43,⚠️ Heavy traffic or long delay
2025-01-02,1,4,3,3,31.3,0.0,18,2025.0,1.0,1.0,9.0,,,,,,84.5,50.0,15.5,10,0,18,⚠️ Heavy traffic or long delay
2025-01-03,0,8,2,2,23.8,8.6,128,2025.0,1.0,1.0,9.0,,,,,,79.5,50.0,15.5,2,0,133,⚠️ Heavy traffic or long delay
2025-01-03,0,8,3,2,23.6,4.0,81,2025.0,1.0,1.0,9.0,,,,,,62.5,50.0,15.5,17,0,122,⚠️ Heavy traffic or long delay
2025-01-03,2,7,2,3,20.0,0.0,89,2025.0,1.0,1.0,9.0,,,,,,86.5,50.0,15.5,23,0,83,⚠️ Heavy traffic or long delay
2025-01-03,2,7,0,3,28.1,0.0,43,2025.0,1.0,1.0,9.0,,,,,,80.5,50.0,15.5,9,0,39,⚠️ Heavy traffic or long delay
2025-01-03,2,7,3,3,22.2,0.0,35,2025.0,1.0,1.0,9.0,,,,,,86.5,50.0,15.5,22,0,35,⚠️ Heavy traffic or long delay
2025-01-03,3,9,3,0,31.4,0.0,90,2025.0,1.0,1.0,9.0,,,,,,81.5,50.0,15.5,12,0,91,⚠️ Heavy traffic or long delay
2025-01-03,4,3,2,3,33.0,0.0,87,2025.0,1.0,1.0,9.0,,,,,,76.5,50.0,15.5,7,0,85,⚠️ Heavy traffic or long delay
2025-01-03,4,3,1,3,24.7,0.0,70,2025.0,1.0,1.0,9.0,,,,,,77.5,50.0,15.5,19,0,76,⚠️ Heavy traffic or long delay
2025-01-03,5,1,0,0,30.5,0.0,92,2025.0,1.0,1.0,9.0,,,,,,83.5,50.0,15.5,8,0,92,⚠️ Heavy traffic or long delay
2025-01-03,5,1,1,3,30.4,0.0,148,2025.0,1.0,1.0,9.0,,,,,,67.0,50.0,15.5,16,0,133,⚠️ Heavy traffic or long delay
2025-01-03,6,2,1,0,28.1,0.0,187,2025.0,1.0,1.0,9.0,,,,,,89.5,50.0,15.5,23,0,184,⚠️ Heavy traffic or long delay
2025-01-03,6,2,3,3,30.4,0.0,135,2025.0,1.0,1.0,9.0,,,,,,88.0,50.0,15.5,5,0,124,⚠️ Heavy traffic or long delay
2025-01-03,7,0,2,2,29.3,5.9,86,2025.0,1.0,1.0,9.0,,,,,,79.5,50.0,15.5,22,0,86,⚠️ Heavy traffic or long delay
2025-01-03,7,0,1,1,29.0,0.0,76,2025.0,1.0,1.0,9.0,,,,,,67.5,50.0,15.5,16,0,59,⚠️ Heavy traffic or long delay
2025-01-03,7,0,3,0,22.8,0.0,45,2025.0,1.0,1.0,9.0,,,,,,82.0,50.0,15.5,4,0,43,⚠️ Heavy traffic or long delay
2025-01-03,8,6,0,0,30.2,0.0,173,2025.0,1.0,1.0,9.0,,,,,,83.0,50.0,15.5,17,0,217,⚠️ Heavy traffic or long delay
2025-01-03,8,6,1,3,28.6,0.0,205,2025.0,1.0,1.0,9.0,,,,,,86.0,50.0,15.5,13,0,215,⚠️ Heavy traffic or long delay
2025-01-03,8,6,3,1,29.3,0.0,189,2025.0,1.0,1.0,9.0,,,,,,71.5,50.0,15.5,20,0,177,⚠️ Heavy traffic or long delay
2025-01-03,9,5,2,1,26.8,0.0,218,2025.0,1.0,1.0,9.0,,,,,,72.5,50.0,15.5,23,0,203,⚠️ Heavy traffic or long delay
2025-01-03,9,5,1,3,28.5,0.0,97,2025.0,1.0,1.0,9.0,,,,,,89.5,50.0,15.5,8,0,113,⚠️ Heavy traffic or long delay
2025-01-03,9,5,3,1,27.8,0.0,53,2025.0,1.0,1.0,9.0,,,,,,89.5,50.0,15.5,1,0,54,⚠️ Heavy traffic or long delay
2025-01-03,1,4,2,3,27.9,0.0,32,2025.0,1.0,1.0,9.0,,,,,,89.5,50.0,15.5,11,0,44,⚠️ Heavy traffic or long delay
2025-01-03,1,4,0,2,31.4,9.9,53,2025.0,1.0,1.0,9.0,,,,,,82.0,50.0,15.5,2,0,52,⚠️ Heavy traffic or long delay
2025-01-03,1,4,1,2,31.2,8.1,54,2025.0,1.0,1.0,9.0,,,,,,80.0,50.0,15.5,2,0,55,⚠️ Heavy traffic or long delay
2025-01-04,0,8,0,2,24.7,3.3,150,2025.0,1.0,1.0,9.0,,,,,,82.0,50.0,15.5,21,0,150,⚠️ Heavy traffic or long delay
2025-01-04,3,9,2,3,24.7,0.0,202,2025.0,1.0,1.0,9.0,,,,,,81.5,50.0,15.5,20,0,127,⚠️ Heavy traffic or long delay
2025-01-04,3,9,3,2,25.9,0.1,108,2025.0,1.0,1.0,9.0,,,,,,65.0,50.0,15.5,18,0,108,⚠️ Heavy traffic or long delay
2025-01-04,4,3,2,0,22.1,0.0,87,2025.0,1.0,1.0,9.0,,,,,,85.0,50.0,15.5,13,0,94,⚠️ Heavy traffic or long delay
2025-01-04,4,3,1,2,23.3,2.3,58,2025.0,1.0,1.0,9.0,,,,,,63.5,50.0,15.5,24,0,73,⚠️ Heavy traffic or long delay
2025-01-04,4,3,3,0,27.7,0.0,70,2025.0,1.0,1.0,9.0,,,,,,77.0,50.0,15.5,12,0,62,⚠️ Heavy traffic or long delay
2025-01-04,5,1,2,0,32.5,0.0,183,2025.0,1.0,1.0,9.0,,,,,,77.0,50.0,15.5,9,0,176,⚠️ Heavy traffic or long delay
2025-01-04,5,1,0,0,31.3,0.0,78,2025.0,1.0,1.0,9.0,,,,,,76.0,50.0,15.5,24,0,85,⚠️ Heavy traffic or long delay
2025-01-04,5,1,1,3,21.7,0.0,143,2025.0,1.0,1.0,9.0,,,,,,89.0,50.0,15.5,17,0,137,⚠️ Heavy traffic or long delay
2025-01-04,6,2,2,0,30.5,0.0,176,2025.0,1.0,1.0,9.0,,,,,,80.5,50.0,15.5,7,0,206,⚠️ Heavy traffic or long delay
2025-01-04,6,2,0,3,23.4,0.0,126,2025.0,1.0,1.0,9.0,,,,,,79.0,50.0,15.5,6,0,121,⚠️ Heavy traffic or long delay
2025-01-04,6,2,1,1,30.8,0.0,188,2025.0,1.0,1.0,9.0,,,,,,88.5,50.0,15.5,7,0,190,⚠️ Heavy traffic or long delay
2025-01-04,6,2,3,1,20.1,0.0,68,2025.0,1.0,1.0,9.0,,,,,,80.0,50.0,15.5,13,0,79,⚠️ Heavy traffic or long delay
2025-01-04,7,0,2,1,20.9,0.0,67,2025.0,1.0,1.0,9.0,,,,,,73.5,50.0,15.5,18,0,74,⚠️ Heavy traffic or long delay
2025-01-04,7,0,3,2,28.8,7.1,36,2025.0,1.0,1.0,9.0,,,,,,63.5,50.0,15.5,22,0,37,⚠️ Heavy traffic or long delay
2025-01-04,8,6,0,0,24.5,0.0,229,2025.0,1.0,1.0,9.0,,,,,,76.5,50.0,15.5,0,0,213,⚠️ Heavy traffic or long delay
2025-01-04,8,6,1,2,22.1,1.7,287,2025.0,1.0,1.0,9.0,,,,,,76.0,50.0,15.5,24,0,280,⚠️ Heavy traffic or long delay
2025-01-04,8,6,3,3,31.6,0.0,168,2025.0,1.0,1.0,9.0,,,,,,83.5,50.0,15.5,16,0,167,⚠️ Heavy traffic or long delay
2025-01-04,9,5,2,1,30.4,0.0,192,2025.0,1.0,1.0,9.0,,,,,,87.0,50.0,15.5,0,0,182,⚠️ Heavy traffic or long delay
2025-01-04,9,5,1,2,26.5,9.2,150,2025.0,1.0,1.0,9.0,,,,,,71.5,50.0,15.5,22,0,152,⚠️ Heavy traffic or long delay
2025-01-04,9,5,3,2,29.0,4.9,130,2025.0,1.0,1.0,9.0,,,,,,78.0,50.0,15.5,1,0,96,⚠️ Heavy traffic or long delay
2025-01-04,1,4,2,3,22.6,0.0,57,2025.0,1.0,1.0,9.0,,,,,,77.0,50.0,15.5,13,0,37,⚠️ Heavy traffic or long delay
2025-01-04,1,4,0,3,29.3,0.0,27,2025.0,1.0,1.0,9.0,,,,,,81.5,50.0,15.5,20,0,25,⚠️ Heavy traffic or long delay
2025-01-04,1,4,1,2,25.5,4.6,38,2025.0,1.0,1.0,9.0,,,,,,79.5,50.0,15.5,7,0,59,⚠️ Heavy traffic or long delay
2025-01-05,0,8,2,0,24.6,0.0,114,2025.0,1.0,1.0,9.0,,,,,,73.0,50.0,15.5,18,0,119,⚠️ Heavy traffic or long delay
2025-01-05,0,8,0,3,22.9,0.0,113,2025.0,1.0,1.0,9.0,,,,,,77.0,50.0,15.5,6,0,115,⚠️ Heavy traffic or long delay
2025-01-05,0,8,1,1,25.1,0.0,199,2025.0,1.0,1.0,9.0,,,,,,60.0,50.0,15.5,18,0,182,⚠️ Heavy traffic or long delay
2025-01-05,0,8,3,0,23.0,0.0,76,2025.0,1.0,1.0,9.0,,,,,,77.0,50.0,15.5,5,0,93,⚠️ Heavy traffic or long delay
2025-01-05,2,7,2,3,31.2,0.0,37,2025.0,1.0,1.0,9.0,,,,,,78.0,50.0,15.5,5,0,49,⚠️ Heavy traffic or long delay
2025-01-05,2,7,0,1,32.1,0.0,54,2025.0,1.0,1.0,9.0,,,,,,83.0,50.0,15.5,2,0,52,⚠️ Heavy traffic or long delay
2025-01-05,2,7,3,3,22.7,0.0,28,2025.0,1.0,1.0,9.0,,,,,,61.0,50.0,15.5,18,0,30,⚠️ Heavy traffic or long delay
2025-01-05,3,9,1,2,28.1,1.7,177,2025.0,1.0,1.0,9.0,,,,,,72.5,50.0,15.5,19,0,169,⚠️ Heavy traffic or long delay
2025-01-05,3,9,3,1,21.0,0.0,59,2025.0,1.0,1.0,9.0,,,,,,87.0,50.0,15.5,14,0,68,⚠️ Heavy traffic or long delay
2025-01-05,4,3,0,3,21.3,0.0,65,2025.0,1.0,1.0,9.0,,,,,,79.0,50.0,15.5,0,0,72,⚠️ Heavy traffic or long delay
2025-01-05,4,3,1,0,24.3,0.0,101,2025.0,1.0,1.0,9.0,,,,,,73.0,50.0,15.5,19,0,88,⚠️ Heavy traffic or long delay
2025-01-05,5,1,1,0,23.5,0.0,83,2025.0,1.0,1.0,9.0,,,,,,72.5,50.0,15.5,24,0,117,⚠️ Heavy traffic or long delay
2025-01-05,5,1,3,1,21.0,0.0,88,2025.0,1.0,1.0,9.0,,,,,,80.5,50.0,15.5,0,0,82,⚠️ Heavy traffic or long delay
2025-01-05,6,2,2,0,25.9,0.0,117,2025.0,1.0,1.0,9.0,,,,,,89.5,50.0,15.5,4,0,180,⚠️ Heavy traffic or long delay
2025-01-05,6,2,0,0,24.5,0.0,159,2025.0,1.0,1.0,9.0,,,,,,66.0,50.0,15.5,22,0,139,⚠️ Heavy traffic or long delay
2025-01-05,6,2,1,1,33.0,0.0,200,2025.0,1.0,1.0,9.0,,,,,,85.0,50.0,15.5,0,0,199,⚠️ Heavy traffic or long delay
2025-01-05,6,2,3,1,29.5,0.0,134,2025.0,1.0,1.0,9.0,,,,,,75.5,50.0,15.5,3,0,134,⚠️ Heavy traffic or long delay
2025-01-05,7,0,2,0,25.0,0.0,73,2025.0,1.0,1.0,9.0,,,,,,79.0,50.0,15.5,21,0,108,⚠️ Heavy traffic or long delay
2025-01-05,7,0,0,3,21.4,0.0,63,2025.0,1.0,1.0,9.0,,,,,,84.0,50.0,15.5,1,0,52,⚠️ Heavy traffic or long delay
2025-01-05,7,0,1,1,22.4,0.0,43,2025.0,1.0,1.0,9.0,,,,,,85.5,50.0,15.5,9,0,54,⚠️ Heavy traffic or long delay
2025-01-05,7,0,3,2,25.5,6.7,45,2025.0,1.0,1.0,9.0,,,,,,75.5,50.0,15.5,4,0,45,⚠️ Heavy traffic or long delay
2025-01-05,8,6,1,1,23.9,0.0,215,2025.0,1.0,1.0,9.0,,,,,,78.0,50.0,15.5,21,0,230,⚠️ Heavy traffic or long delay
2025-01-05,9,5,2,0,25.4,0.0,132,2025.0,1.0,1.0,9.0,,,,,,79.0,50.0,15.5,12,0,183,⚠️ Heavy traffic or long delay
2025-01-05,9,5,0,0,22.1,0.0,84,2025.0,1.0,1.0,9.0,,,,,,82.0,50.0,15.5,14,0,92,⚠️ Heavy traffic or long delay
2025-01-05,9,5,3,0,21.1,0.0,92,2025.0,1.0,1.0,9.0,,,,,,81.0,50.0,15.5,12,0,90,⚠️ Heavy traffic or long delay
2025-01-05,1,4,2,1,20.0,0.0,30,2025.0,1.0,1.0,9.0,,,,,,74.0,50.0,15.5,23,0,33,⚠️ Heavy traffic or long delay
2025-01-05,1,4,0,1,27.0,0.0,33,2025.0,1.0,1.0,9.0,,,,,,77.5,50.0,15.5,19,0,29,⚠️ Heavy traffic or long delay
2025-01-05,1,4,1,0,22.2,0.0,49,2025.0,1.0,1.0,9.0,,,,,,66.0,50.0,15.5,23,0,42,⚠️ Heavy traffic or long delay
2025-01-05,1,4,3,1,28.5,0.0,27,2025.0,1.0,1.0,9.0,,,,,,75.5,50.0,15.5,14,0,26,⚠️ Heavy traffic or long delay
2025-01-06,0,8,0,1,27.1,0.0,65,2025.0,1.0,1.0,9.0,,,,,,89.0,50.0,15.5,4,0,81,⚠️ Heavy traffic or long delay
2025-01-06,0,8,1,0,23.0,0.0,196,2025.0,1.0,1.0,9.0,,,,,,85.0,50.0,15.5,14,0,183,⚠️ Heavy traffic or long delay
2025-01-06,2,7,1,1,23.8,0.0,55,2025.0,1.0,1.0,9.0,,,,,,80.5,50.0,15.5,1,0,59,⚠️ Heavy traffic or long delay
2025-01-06,2,7,3,0,21.5,0.0,42,2025.0,1.0,1.0,9.0,,,,,,82.0,50.0,15.5,18,0,40,⚠️ Heavy traffic or long delay
2025-01-06,3,9,2,0,25.1,0.0,108,2025.0,1.0,1.0,9.0,,,,,,88.0,50.0,15.5,18,0,169,⚠️ Heavy traffic or long delay
2025-01-06,3,9,0,1,27.3,0.0,145,2025.0,1.0,1.0,9.0,,,,,,86.0,50.0,15.5,3,0,97,⚠️ Heavy traffic or long delay
2025-01-06,4,3,0,1,26.2,0.0,74,2025.0,1.0,1.0,9.0,,,,,,81.5,50.0,15.5,19,0,73,⚠️ Heavy traffic or long delay
2025-01-06,4,3,1,2,22.2,2.8,96,2025.0,1.0,1.0,9.0,,,,,,81.5,50.0,15.5,10,0,97,⚠️ Heavy traffic or long delay
2025-01-06,5,1,1,1,27.9,0.0,94,2025.0,1.0,1.0,9.0,,,,,,88.5,50.0,15.5,5,0,136,⚠️ Heavy traffic or long delay
2025-01-06,5,1,3,3,25.3,0.0,39,2025.0,1.0,1.0,9.0,,,,,,87.0,50.0,15.5,7,0,45,⚠️ Heavy traffic or long delay
2025-01-06,6,2,2,0,23.3,0.0,244,2025.0,1.0,1.0,9.0,,,,,,73.5,50.0,15.5,22,0,151,⚠️ Heavy traffic or long delay
2025-01-06,6,2,1,3,20.1,0.0,214,2025.0,1.0,1.0,9.0,,,,,,79.0,50.0,15.5,13,0,198,⚠️ Heavy traffic or long delay
2025-01-06,6,2,3,0,33.0,0.0,83,2025.0,1.0,1.0,9.0,,,,,,76.0,50.0,15.5,10,0,89,⚠️ Heavy traffic or long delay
2025-01-06,7,0,0,3,21.4,0.0,38,2025.0,1.0,1.0,9.0,,,,,,88.0,50.0,15.5,12,0,52,⚠️ Heavy traffic or long delay
2025-01-06,7,0,3,1,29.7,0.0,48,2025.0,1.0,1.0,9.0,,,,,,88.0,50.0,15.5,17,0,49,⚠️ Heavy traffic or long delay
2025-01-06,8,6,2,1,24.6,0.0,164,2025.0,1.0,1.0,9.0,,,,,,85.5,50.0,15.5,24,0,187,⚠️ Heavy traffic or long delay
2025-01-06,8,6,1,0,32.2,0.0,229,2025.0,1.0,1.0,9.0,,,,,,80.0,50.0,15.5,14,0,230,⚠️ Heavy traffic or long delay
2025-01-06,9,5,2,1,28.0,0.0,103,2025.0,1.0,1.0,9.0,,,,,,79.0,50.0,15.5,10,0,134,⚠️ Heavy traffic or long delay
2025-01-06,1,4,0,1,32.9,0.0,30,2025.0,1.0,1.0,9.0,,,,,,78.0,50.0,15.5,3,0,31,⚠️ Heavy traffic or long delay
2025-01-06,1,4,1,1,20.4,0.0,34,2025.0,1.0,1.0,9.0,,,,,,76.0,50.0,15.5,4,0,35,⚠️ Heavy traffic or long delay
2025-01-06,1,4,3,0,21.6,0.0,26,2025.0,1.0,1.0,9.0,,,,,,85.0,50.0,15.5,23,0,23,⚠️ Heavy traffic or long delay
2025-01-07,0,8,2,0,28.8,0.0,153,2025.0,1.0,1.0,9.0,,,,,,80.5,50.0,15.5,4,0,172,⚠️ Heavy traffic or long delay
2025-01-07,0,8,0,2,24.3,6.0,156,2025.0,1.0,1.0,9.0,,,,,,81.5,50.0,15.5,7,0,159,⚠️ Heavy traffic or long delay
2025-01-07,0,8,3,1,21.5,0.0,97,2025.0,1.0,1.0,9.0,,,,,,67.0,50.0,15.5,16,0,84,⚠️ Heavy traffic or long delay
2025-01-07,2,7,2,2,31.7,1.3,71,2025.0,1.0,1.0,9.0,,,,,,89.0,50.0,15.5,8,0,74,⚠️ Heavy traffic or long delay
2025-01-07,2,7,0,0,26.1,0.0,44,2025.0,1.0,1.0,9.0,,,,,,86.5,50.0,15.5,21,0,40,⚠️ Heavy traffic or long delay
2025-01-07,2,7,1,3,25.9,0.0,52,2025.0,1.0,1.0,9.0,,,,,,75.5,50.0,15.5,18,0,58,⚠️ Heavy traffic or long delay
2025-01-07,2,7,3,0,27.9,0.0,23,2025.0,1.0,1.0,9.0,,,,,,75.5,50.0,15.5,13,0,33,⚠️ Heavy traffic or long delay
2025-01-07,3,9,0,0,26.1,0.0,63,2025.0,1.0,1.0,9.0,,,,,,80.0,50.0,15.5,8,0,87,⚠️ Heavy traffic or long delay
2025-01-07,3,9,1,1,29.1,0.0,82,2025.0,1.0,1.0,9.0,,,,,,85.5,50.0,15.5,21,0,99,⚠️ Heavy traffic or long delay
2025-01-07,3,9,3,1,24.6,0.0,71,2025.0,1.0,1.0,9.0,,,,,,84.0,50.0,15.5,10,0,75,⚠️ Heavy traffic or long delay
2025-01-07,4,3,2,1,29.7,0.0,84,2025.0,1.0,1.0,9.0,,,,,,84.0,50.0,15.5,22,0,98,⚠️ Heavy traffic or long delay
2025-01-07,4,3,0,2,31.4,1.9,64,2025.0,1.0,1.0,9.0,,,,,,88.5,50.0,15.5,0,0,66,⚠️ Heavy traffic or long delay
2025-01-07,4,3,1,0,24.5,0.0,49,2025.0,1.0,1.0,9.0,,,,,,85.5,50.0,15.5,13,0,84,⚠️ Heavy traffic or long delay
2025-01-07,5,1,2,0,20.7,0.0,125,2025.0,1.0,1.0,9.0,,,,,,79.0,50.0,15.5,20,0,128,⚠️ Heavy traffic or long delay
2025-01-07,5,1,3,1,20.8,0.0,80,2025.0,1.0,1.0,9.0,,,,,,84.0,50.0,15.5,21,0,81,⚠️ Heavy traffic or long delay
2025-01-07,6,2,2,1,32.0,0.0,197,2025.0,1.0,1.0,9.0,,,,,,78.0,50.0,15.5,22,0,214,⚠️ Heavy traffic or long delay
2025-01-07,6,2,0,3,21.6,0.0,113,2025.0,1.0,1.0,9.0,,,,,,84.0,50.0,15.5,24,0,111,⚠️ Heavy traffic or long delay
2025-01-07,6,2,1,0,27.1,0.0,167,2025.0,1.0,1.0,9.0,,,,,,87.5,50.0,15.5,0,0,173,⚠️ Heavy traffic or long delay
2025-01-07,6,2,3,1,23.6,0.0,95,2025.0,1.0,1.0,9.0,,,,,,68.0,50.0,15.5,21,0,94,⚠️ Heavy traffic or long delay
2025-01-07,7,0,2,0,32.1,0.0,38,2025.0,1.0,1.0,9.0,,,,,,89.0,50.0,15.5,22,0,67,⚠️ Heavy traffic or long delay
2025-01-07,7,0,0,1,25.6,0.0,55,2025.0,1.0,1.0,9.0,,,,,,84.0,50.0,15.5,18,0,72,⚠️ Heavy traffic or long delay
2025-01-07,8,6,2,2,20.2,9.4,273,2025.0,1.0,1.0,9.0,,,,,,73.5,50.0,15.5,20,0,272,⚠️ Heavy traffic or long delay
2025-01-07,8,6,0,0,30.9,0.0,215,2025.0,1.0,1.0,9.0,,,,,,86.5,50.0,15.5,14,0,213,⚠️ Heavy traffic or long delay
2025-01-07,8,6,3,1,23.3,0.0,128,2025.0,1.0,1.0,9.0,,,,,,78.0,50.0,15.5,20,0,133,⚠️ Heavy traffic or long delay
2025-01-07,9,5,2,1,29.8,0.0,115,2025.0,1.0,1.0,9.0,,,,,,75.5,50.0,15.5,8,0,118,⚠️ Heavy traffic or long delay
2025-01-07,9,5,0,0,23.5,0.0,129,2025.0,1.0,1.0,9.0,,,,,,76.0,50.0,15.5,9,0,113,⚠️ Heavy traffic or long delay
2025-01-07,9,5,1,1,21.4,0.0,146,2025.0,1.0,1.0,9.0,,,,,,60.0,50.0,15.5,19,0,164,⚠️ Heavy traffic or long delay
2025-01-07,9,5,3,3,31.8,0.0,93,2025.0,1.0,1.0,9.0,,,,,,69.0,50.0,15.5,24,0,77,⚠️ Heavy traffic or long delay
2025-01-07,1,4,2,2,20.6,2.1,38,2025.0,1.0,1.0,9.0,,,,,,60.5,50.0,15.5,20,0,38,⚠️ Heavy traffic or long delay
2025-01-07,1,4,0,3,31.7,0.0,32,2025.0,1.0,1.0,9.0,,,,,,86.0,50.0,15.5,8,0,28,⚠️ Heavy traffic or long delay
2025-01-07,1,4,1,1,20.3,0.0,45,2025.0,1.0,1.0,9.0,,,,,,81.5,50.0,15.5,2,0,38,⚠️ Heavy traffic or long delay
2025-01-07,1,4,3,0,27.0,0.0,29,2025.0,1.0,1.0,9.0,,,,,,72.5,50.0,15.5,19,0,25,⚠️ Heavy traffic or long delay
2025-01-08,0,8,2,1,31.5,0.0,227,2025.0,1.0,1.0,9.0,,,,,,75.5,50.0,15.5,24,0,215,⚠️ Heavy traffic or long delay
2025-01-08,0,8,1,1,30.5,0.0,171,2025.0,1.0,1.0,9.0,,,,,,75.5,50.0,15.5,5,0,148,⚠️ Heavy traffic or long delay
2025-01-08,0,8,3,1,27.9,0.0,79,2025.0,1.0,1.0,9.0,,,,,,87.0,50.0,15.5,1,0,79,⚠️ Heavy traffic or long delay
2025-01-08,2,7,0,0,25.2,0.0,65,2025.0,1.0,1.0,9.0,,,,,,87.0,50.0,15.5,17,0,60,⚠️ Heavy traffic or long delay
2025-01-08,2,7,3,1,27.1,0.0,32,2025.0,1.0,1.0,9.0,,,,,,87.5,50.0,15.5,16,0,26,⚠️ Heavy traffic or long delay
2025-01-08,3,9,2,2,25.6,8.8,144,2025.0,1.0,1.0,9.0,,,,,,89.0,50.0,15.5,10,0,146,⚠️ Heavy traffic or long delay
2025-01-08,3,9,1,1,29.5,0.0,162,2025.0,1.0,1.0,9.0,,,,,,78.5,50.0,15.5,18,0,141,⚠️ Heavy traffic or long delay
2025-01-08,3,9,3,2,24.9,5.1,70,2025.0,1.0,1.0,9.0,,,,,,71.5,50.0,15.5,21,0,75,⚠️ Heavy traffic or long delay
2025-01-08,4,3,2,1,27.9,0.0,78,2025.0,1.0,1.0,9.0,,,,,,62.0,50.0,15.5,23,0,97,⚠️ Heavy traffic or long delay
2025-01-08,4,3,0,0,25.3,0.0,85,2025.0,1.0,1.0,9.0,,,,,,85.5,50.0,15.5,24,0,84,⚠️ Heavy traffic or long delay
2025-01-08,4,3,1,3,27.1,0.0,68,2025.0,1.0,1.0,9.0,,,,,,76.5,50.0,15.5,6,0,80,⚠️ Heavy traffic or long delay
2025-01-08,4,3,3,0,25.1,0.0,79,2025.0,1.0,1.0,9.0,,,,,,62.5,50.0,15.5,19,0,66,⚠️ Heavy traffic or long delay
2025-01-08,5,1,0,3,24.5,0.0,96,2025.0,1.0,1.0,9.0,,,,,,65.0,50.0,15.5,20,0,95,⚠️ Heavy traffic or long delay
2025-01-08,5,1,1,1,24.5,0.0,90,2025.0,1.0,1.0,9.0,,,,,,83.5,50.0,15.5,23,0,128,⚠️ Heavy traffic or long delay
2025-01-08,6,2,2,0,29.7,0.0,254,2025.0,1.0,1.0,9.0,,,,,,76.0,50.0,15.5,16,0,235,⚠️ Heavy traffic or long delay
2025-01-08,6,2,1,0,32.1,0.0,201,2025.0,1.0,1.0,9.0,,,,,,89.5,50.0,15.5,21,0,199,⚠️ Heavy traffic or long delay
2025-01-08,6,2,3,0,25.5,0.0,96,2025.0,1.0,1.0,9.0,,,,,,89.0,50.0,15.5,17,0,102,⚠️ Heavy traffic or long delay
2025-01-08,7,0,2,1,27.2,0.0,90,2025.0,1.0,1.0,9.0,,,,,,62.5,50.0,15.5,20,0,94,⚠️ Heavy traffic or long delay
2025-01-08,7,0,0,0,24.2,0.0,70,2025.0,1.0,1.0,9.0,,,,,,67.5,50.0,15.5,16,0,61,⚠️ Heavy traffic or long delay
2025-01-08,7,0,3,2,25.5,4.8,46,2025.0,1.0,1.0,9.0,,,,,,61.0,50.0,15.5,16,0,44,⚠️ Heavy traffic or long delay
2025-01-08,8,6,2,0,32.0,0.0,293,2025.0,1.0,1.0,9.0,,,,,,69.5,50.0,15.5,19,0,214,⚠️ Heavy traffic or long delay
2025-01-08,8,6,0,0,32.7,0.0,220,2025.0,1.0,1.0,9.0,,,,,,89.5,50.0,15.5,8,0,171,⚠️ Heavy traffic or long delay
2025-01-08,8,6,1,1,21.1,0.0,237,2025.0,1.0,1.0,9.0,,,,,,89.0,50.0,15.5,16,0,234,⚠️ Heavy traffic or long delay
2025-01-08,8,6,3,2,31.6,6.5,218,2025.0,1.0,1.0,9.0,,,,,,77.5,50.0,15.5,19,0,214,⚠️ Heavy traffic or long delay
2025-01-08,9,5,2,2,27.5,7.4,201,2025.0,1.0,1.0,9.0,,,,,,69.0,50.0,15.5,21,0,202,⚠️ Heavy traffic or long delay
2025-01-08,9,5,0,3,26.6,0.0,93,2025.0,1.0,1.0,9.0,,,,,,72.5,50.0,15.5,21,0,91,⚠️ Heavy traffic or long delay
2025-01-08,9,5,3,3,29.7,0.0,101,2025.0,1.0,1.0,9.0,,,,,,69.0,50.0,15.5,16,0,102,⚠️ Heavy traffic or long delay
2025-01-08,1,4,0,2,27.1,1.5,25,2025.0,1.0,1.0,9.0,,,,,,75.5,50.0,15.5,0,0,23,⚠️ Heavy traffic or long delay
2025-01-08,1,4,3,2,28.1,5.3,22,2025.0,1.0,1.0,9.0,,,,,,85.5,50.0,15.5,22,0,34,⚠️ Heavy traffic or long delay
2025-01-09,0,8,2,3,32.7,0.0,120,2025.0,1.0,1.0,9.0,,,,,,80.0,50.0,15.5,18,0,128,⚠️ Heavy traffic or long delay
2025-01-09,0,8,0,2,21.0,2.1,91,2025.0,1.0,1.0,9.0,,,,,,76.0,50.0,15.5,23,0,154,⚠️ Heavy traffic or long delay
2025-01-09,0,8,1,1,22.4,0.0,87,2025.0,1.0,1.0,9.0,,,,,,79.5,50.0,15.5,18,0,145,⚠️ Heavy traffic or long delay
2025-01-09,0,8,3,1,21.0,0.0,64,2025.0,1.0,1.0,9.0,,,,,,79.0,50.0,15.5,16,0,83,⚠️ Heavy traffic or long delay
2025-01-09,2,7,0,2,30.2,7.8,25,2025.0,1.0,1.0,9.0,,,,,,79.5,50.0,15.5,15,0,33,⚠️ Heavy traffic or long delay
2025-01-09,2,7,3,2,24.7,6.1,65,2025.0,1.0,1.0,9.0,,,,,,65.0,50.0,15.5,18,0,26,⚠️ Heavy traffic or long delay
2025-01-09,3,9,2,1,22.9,0.0,167,2025.0,1.0,1.0,9.0,,,,,,73.5,50.0,15.5,17,0,159,⚠️ Heavy traffic or long delay
2025-01-09,3,9,0,1,22.9,0.0,92,2025.0,1.0,1.0,9.0,,,,,,88.0,50.0,15.5,0,0,87,⚠️ Heavy traffic or long delay
2025-01-09,3,9,3,3,21.5,0.0,99,2025.0,1.0,1.0,9.0,,,,,,84.5,50.0,15.5,18,0,94,⚠️ Heavy traffic or long delay
2025-01-09,4,3,0,2,20.8,0.8,111,2025.0,1.0,1.0,9.0,,,,,,75.0,50.0,15.5,17,0,85,⚠️ Heavy traffic or long delay
2025-01-09,4,3,3,3,20.2,0.0,34,2025.0,1.0,1.0,9.0,,,,,,80.5,50.0,15.5,21,0,39,⚠️ Heavy traffic or long delay
2025-01-09,5,1,2,2,24.7,1.4,108,2025.0,1.0,1.0,9.0,,,,,,77.0,50.0,15.5,16,0,118,⚠️ Heavy traffic or long delay
2025-01-09,5,1,0,2,20.8,3.8,157,2025.0,1.0,1.0,9.0,,,,,,63.0,50.0,15.5,17,0,147,⚠️ Heavy traffic or long delay
2025-01-09,5,1,1,2,26.5,8.4,211,2025.0,1.0,1.0,9.0,,,,,,89.5,50.0,15.5,5,0,201,⚠️ Heavy traffic or long delay
2025-01-09,5,1,3,3,23.8,0.0,62,2025.0,1.0,1.0,9.0,,,,,,67.5,50.0,15.5,18,0,65,⚠️ Heavy traffic or long delay
2025-01-09,6,2,0,2,24.0,8.0,171,2025.0,1.0,1.0,9.0,,,,,,83.5,50.0,15.5,0,0,165,⚠️ Heavy traffic or long delay
2025-01-09,6,2,1,1,25.5,0.0,183,2025.0,1.0,1.0,9.0,,,,,,88.0,50.0,15.5,7,0,228,⚠️ Heavy traffic or long delay
2025-01-09,6,2,3,3,24.7,0.0,70,2025.0,1.0,1.0,9.0,,,,,,85.5,50.0,15.5,22,0,77,⚠️ Heavy traffic or long delay
2025-01-09,7,0,2,2,23.0,6.1,53,2025.0,1.0,1.0,9.0,,,,,,89.5,50.0,15.5,6,0,102,⚠️ Heavy traffic or long delay
2025-01-09,7,0,0,3,24.6,0.0,57,2025.0,1.0,1.0,9.0,,,,,,84.0,50.0,15.5,2,0,57,⚠️ Heavy traffic or long delay
2025-01-09,8,6,2,3,21.1,0.0,207,2025.0,1.0,1.0,9.0,,,,,,83.5,50.0,15.5,18,0,213,⚠️ Heavy traffic or long delay
2025-01-09,8,6,3,0,32.6,0.0,81,2025.0,1.0,1.0,9.0,,,,,,78.0,50.0,15.5,0,0,84,⚠️ Heavy traffic or long delay
2025-01-09,9,5,2,3,28.0,0.0,115,2025.0,1.0,1.0,9.0,,,,,,75.5,50.0,15.5,22,0,110,⚠️ Heavy traffic or long delay
2025-01-09,9,5,0,2,22.5,7.7,132,2025.0,1.0,1.0,9.0,,,,,,89.0,50.0,15.5,22,0,133,⚠️ Heavy traffic or long delay
2025-01-09,9,5,1,3,27.2,0.0,110,2025.0,1.0,1.0,9.0,,,,,,87.0,50.0,15.5,17,0,149,⚠️ Heavy traffic or long delay
2025-01-09,1,4,2,1,28.1,0.0,41,2025.0,1.0,1.0,9.0,,,,,,80.0,50.0,15.5,7,0,44,⚠️ Heavy traffic or long delay
2025-01-09,1,4,0,0,26.1,0.0,39,2025.0,1.0,1.0,9.0,,,,,,77.0,50.0,15.5,0,0,28,⚠️ Heavy traffic or long delay
2025-01-09,1,4,1,3,21.2,0.0,35,2025.0,1.0,1.0,9.0,,,,,,69.0,50.0,15.5,24,0,57,⚠️ Heavy traffic or long delay
2025-01-09,1,4,3,1,25.7,0.0,29,2025.0,1.0,1.0,9.0,,,,,,83.5,50.0,15.5,22,0,26,⚠️ Heavy traffic or long delay
2025-01-10,0,8,0,1,22.7,0.0,86,2025.0,1.0,1.0,9.0,,,,,,61.0,50.0,15.5,23,0,90,⚠️ Heavy traffic or long delay
2025-01-10,0,8,1,1,20.8,0.0,153,2025.0,1.0,1.0,9.0,,,,,,69.5,50.0,15.5,22,0,168,⚠️ Heavy traffic or long delay
2025-01-10,2,7,2,2,21.7,3.2,101,2025.0,1.0,1.0,9.0,,,,,,86.5,50.0,15.5,21,0,102,⚠️ Heavy traffic or long delay
2025-01-10,2,7,0,1,30.5,0.0,40,2025.0,1.0,1.0,9.0,,,,,,87.5,50.0,15.5,24,0,38,⚠️ Heavy traffic or long delay
2025-01-10,2,7,1,3,27.5,0.0,78,2025.0,1.0,1.0,9.0,,,,,,76.0,50.0,15.5,14,0,77,⚠️ Heavy traffic or long delay
2025-01-10,3,9,2,3,21.5,0.0,90,2025.0,1.0,1.0,9.0,,,,,,85.5,50.0,15.5,2,0,114,⚠️ Heavy traffic or long delay
2025-01-10,3,9,0,0,31.1,0.0,141,2025.0,1.0,1.0,9.0,,,,,,65.0,50.0,15.5,18,0,130,⚠️ Heavy traffic or long delay
2025-01-10,3,9,1,2,21.6,8.9,177,2025.0,1.0,1.0,9.0,,,,,,84.0,50.0,15.5,0,0,176,⚠️ Heavy traffic or long delay
2025-01-10,4,3,2,0,26.7,0.0,97,2025.0,1.0,1.0,9.0,,,,,,77.5,50.0,15.5,7,0,92,⚠️ Heavy traffic or long delay
2025-01-10,4,3,0,3,24.0,0.0,82,2025.0,1.0,1.0,9.0,,,,,,78.5,50.0,15.5,1,0,66,⚠️ Heavy traffic or long delay
2025-01-10,4,3,1,3,23.9,0.0,72,2025.0,1.0,1.0,9.0,,,,,,79.5,50.0,15.5,2,0,83,⚠️ Heavy traffic or long delay
2025-01-10,4,3,3,0,23.9,0.0,54,2025.0,1.0,1.0,9.0,,,,,,69.5,50.0,15.5,23,0,52,⚠️ Heavy traffic or long delay
2025-01-10,5,1,2,2,27.1,5.0,103,2025.0,1.0,1.0,9.0,,,,,,77.0,50.0,15.5,13,0,115,⚠️ Heavy traffic or long delay
2025-01-10,5,1,0,3,28.3,0.0,95,2025.0,1.0,1.0,9.0,,,,,,83.5,50.0,15.5,23,0,103,⚠️ Heavy traffic or long delay
2025-01-10,5,1,3,2,22.8,2.5,110,2025.0,1.0,1.0,9.0,,,,,,77.0,50.0,15.5,10,0,107,⚠️ Heavy traffic or long delay
2025-01-10,6,2,1,0,30.1,0.0,172,2025.0,1.0,1.0,9.0,,,,,,68.5,50.0,15.5,19,0,202,⚠️ Heavy traffic or long delay
2025-01-10,6,2,3,2,22.7,4.0,142,2025.0,1.0,1.0,9.0,,,,,,82.5,50.0,15.5,4,0,134,⚠️ Heavy traffic or long delay
2025-01-10,7,0,2,1,29.0,0.0,59,2025.0,1.0,1.0,9.0,,,,,,68.5,50.0,15.5,21,0,67,⚠️ Heavy traffic or long delay
2025-01-10,7,0,0,1,22.2,0.0,42,2025.0,1.0,1.0,9.0,,,,,,60.5,50.0,15.5,20,0,36,⚠️ Heavy traffic or long delay
2025-01-10,7,0,1,2,21.1,7.0,87,2025.0,1.0,1.0,9.0,,,,,,86.5,50.0,15.5,13,0,87,⚠️ Heavy traffic or long delay
2025-01-10,7,0,3,1,20.8,0.0,58,2025.0,1.0,1.0,9.0,,,,,,77.0,50.0,15.5,22,0,53,⚠️ Heavy traffic or long delay
2025-01-10,8,6,0,1,29.9,0.0,149,2025.0,1.0,1.0,9.0,,,,,,80.0,50.0,15.5,17,0,163,⚠️ Heavy traffic or long delay
2025-01-10,8,6,1,0,23.4,0.0,294,2025.0,1.0,1.0,9.0,,,,,,77.5,50.0,15.5,6,0,203,⚠️ Heavy traffic or long delay
2025-01-10,8,6,3,2,26.7,0.8,198,2025.0,1.0,1.0,9.0,,,,,,76.0,50.0,15.5,9,0,194,⚠️ Heavy traffic or long delay
2025-01-10,9,5,0,1,20.5,0.0,72,2025.0,1.0,1.0,9.0,,,,,,76.0,50.0,15.5,0,0,80,⚠️ Heavy traffic or long delay
2025-01-10,9,5,1,3,27.7,0.0,101,2025.0,1.0,1.0,9.0,,,,,,66.5,50.0,15.5,22,0,99,⚠️ Heavy traffic or long delay
2025-01-10,9,5,3,0,26.2,0.0,85,2025.0,1.0,1.0,9.0,,,,,,70.0,50.0,15.5,20,0,93,⚠️ Heavy traffic or long delay
2025-01-10,1,4,2,0,28.1,0.0,35,2025.0,1.0,1.0,9.0,,,,,,83.5,50.0,15.5,18,0,40,⚠️ Heavy traffic or long delay
2025-01-10,1,4,1,1,31.8,0.0,50,2025.0,1.0,1.0,9.0,,,,,,87.5,50.0,15.5,18,0,48,⚠️ Heavy traffic or long delay
2025-01-11,0,8,2,2,32.9,8.0,152,2025.0,1.0,1.0,9.0,,,,,,63.0,50.0,15.5,17,0,153,⚠️ Heavy traffic or long delay
2025-01-11,0,8,3,1,21.8,0.0,86,2025.0,1.0,1.0,9.0,,,,,,76.0,50.0,15.5,14,0,85,⚠️ Heavy traffic or long delay
2025-01-11,2,7,2,3,22.4,0.0,33,2025.0,1.0,1.0,9.0,,,,,,83.5,50.0,15.5,4,0,36,⚠️ Heavy traffic or long delay
2025-01-11,2,7,0,0,21.8,0.0,35,2025.0,1.0,1.0,9.0,,,,,,65.5,50.0,15.5,19,0,33,⚠️ Heavy traffic or long delay
2025-01-11,2,7,1,2,27.1,8.1,108,2025.0,1.0,1.0,9.0,,,,,,89.0,50.0,15.5,10,0,99,⚠️ Heavy traffic or long delay
2025-01-11,2,7,3,3,32.2,0.0,14,2025.0,1.0,1.0,9.0,,,,,,85.0,50.0,15.5,9,0,16,⚠️ Heavy traffic or long delay
2025-01-11,3,9,0,1,27.8,0.0,68,2025.0,1.0,1.0,9.0,,,,,,87.0,50.0,15.5,2,0,86,⚠️ Heavy traffic or long delay
2025-01-11,3,9,1,1,27.9,0.0,175,2025.0,1.0,1.0,9.0,,,,,,70.5,50.0,15.5,22,0,145,⚠️ Heavy traffic or long delay
2025-01-11,3,9,3,2,22.4,2.6,119,2025.0,1.0,1.0,9.0,,,,,,82.5,50.0,15.5,22,0,77,⚠️ Heavy traffic or long delay
2025-01-11,4,3,0,1,29.1,0.0,75,2025.0,1.0,1.0,9.0,,,,,,78.5,50.0,15.5,19,0,65,⚠️ Heavy traffic or long delay
2025-01-11,4,3,1,0,26.2,0.0,125,2025.0,1.0,1.0,9.0,,,,,,78.5,50.0,15.5,4,0,102,⚠️ Heavy traffic or long delay
2025-01-11,4,3,3,0,31.0,0.0,44,2025.0,1.0,1.0,9.0,,,,,,82.0,50.0,15.5,4,0,52,⚠️ Heavy traffic or long delay
2025-01-11,5,1,2,2,20.0,0.8,173,2025.0,1.0,1.0,9.0,,,,,,85.0,50.0,15.5,5,0,172,⚠️ Heavy traffic or long delay
2025-01-11,5,1,0,3,24.3,0.0,89,2025.0,1.0,1.0,9.0,,,,,,86.5,50.0,15.5,8,0,94,⚠️ Heavy traffic or long delay
2025-01-11,5,1,3,2,21.3,9.9,75,2025.0,1.0,1.0,9.0,,,,,,73.0,50.0,15.5,20,0,78,⚠️ Heavy traffic or long delay
2025-01-11,6,2,0,3,21.3,0.0,143,2025.0,1.0,1.0,9.0,,,,,,76.5,50.0,15.5,2,0,123,⚠️ Heavy traffic or long delay
2025-01-11,6,2,1,3,21.6,0.0,100,2025.0,1.0,1.0,9.0,,,,,,70.0,50.0,15.5,19,0,136,⚠️ Heavy traffic or long delay
2025-01-11,6,2,3,0,30.1,0.0,69,2025.0,1.0,1.0,9.0,,,,,,74.5,50.0,15.5,21,0,119,⚠️ Heavy traffic or long delay
2025-01-11,7,0,2,2,26.2,4.2,66,2025.0,1.0,1.0,9.0,,,,,,76.0,50.0,15.5,11,0,70,⚠️ Heavy traffic or long delay
2025-01-11,7,0,0,1,32.2,0.0,57,2025.0,1.0,1.0,9.0,,,,,,73.5,50.0,15.5,23,0,60,⚠️ Heavy traffic or long delay
2025-01-11,7,0,1,3,23.2,0.0,69,2025.0,1.0,1.0,9.0,,,,,,83.0,50.0,15.5,16,0,63,⚠️ Heavy traffic or long delay
2025-01-11,7,0,3,3,21.2,0.0,45,2025.0,1.0,1.0,9.0,,,,,,76.0,50.0,15.5,9,0,48,⚠️ Heavy traffic or long delay
2025-01-11,8,6,2,3,29.5,0.0,273,2025.0,1.0,1.0,9.0,,,,,,62.0,50.0,15.5,23,0,278,⚠️ Heavy traffic or long delay
2025-01-11,8,6,0,2,25.7,8.0,239,2025.0,1.0,1.0,9.0,,,,,,89.5,50.0,15.5,13,0,194,⚠️ Heavy traffic or long delay
2025-01-11,8,6,1,3,20.4,0.0,228,2025.0,1.0,1.0,9.0,,,,,,83.5,50.0,15.5,22,0,220,⚠️ Heavy traffic or long delay
2025-01-11,8,6,3,3,24.3,0.0,113,2025.0,1.0,1.0,9.0,,,,,,69.0,50.0,15.5,16,0,125,⚠️ Heavy traffic or long delay
2025-01-11,9,5,2,3,20.9,0.0,132,2025.0,1.0,1.0,9.0,,,,,,61.5,50.0,15.5,17,0,122,⚠️ Heavy traffic or long delay
2025-01-11,9,5,0,3,28.0,0.0,88,2025.0,1.0,1.0,9.0,,,,,,77.0,50.0,15.5,18,0,88,⚠️ Heavy traffic or long delay
2025-01-11,9,5,1,0,22.9,0.0,105,2025.0,1.0,1.0,9.0,,,,,,84.0,50.0,15.5,16,0,120,⚠️ Heavy traffic or long delay
2025-01-11,1,4,2,2,21.0,0.7,48,2025.0,1.0,1.0,9.0,,,,,,81.5,50.0,15.5,8,0,51,⚠️ Heavy traffic or long delay
2025-01-12,0,8,2,2,20.8,9.1,152,2025.0,1.0,1.0,9.0,,,,,,82.5,50.0,15.5,24,0,151,⚠️ Heavy traffic or long delay
2025-01-12,0,8,0,2,21.2,2.6,144,2025.0,1.0,1.0,9.0,,,,,,86.0,50.0,15.5,6,0,142,⚠️ Heavy traffic or long delay
2025-01-12,0,8,3,0,23.5,0.0,80,2025.0,1.0,1.0,9.0,,,,,,77.0,50.0,15.5,21,0,82,⚠️ Heavy traffic or long delay
2025-01-12,2,7,2,3,21.9,0.0,44,2025.0,1.0,1.0,9.0,,,,,,89.5,50.0,15.5,21,0,43,⚠️ Heavy traffic or long delay
2025-01-12,2,7,0,0,29.3,0.0,38,2025.0,1.0,1.0,9.0,,,,,,80.0,50.0,15.5,10,0,38,⚠️ Heavy traffic or long delay
2025-01-12,2,7,1,3,32.7,0.0,68,2025.0,1.0,1.0,9.0,,,,,,78.0,50.0,15.5,13,0,66,⚠️ Heavy traffic or long delay
2025-01-12,3,9,0,0,26.5,0.0,107,2025.0,1.0,1.0,9.0,,,,,,84.0,50.0,15.5,1,0,94,⚠️ Heavy traffic or long delay
2025-01-12,3,9,1,2,27.5,9.3,151,2025.0,1.0,1.0,9.0,,,,,,82.5,50.0,15.5,22,0,151,⚠️ Heavy traffic or long delay
2025-01-12,3,9,3,3,30.2,0.0,94,2025.0,1.0,1.0,9.0,,,,,,86.0,50.0,15.5,4,0,90,⚠️ Heavy traffic or long delay
2025-01-12,4,3,0,1,23.7,0.0,65,2025.0,1.0,1.0,9.0,,,,,,77.0,50.0,15.5,5,0,69,⚠️ Heavy traffic or long delay
2025-01-12,4,3,1,2,24.9,7.8,100,2025.0,1.0,1.0,9.0,,,,,,89.5,50.0,15.5,17,0,100,⚠️ Heavy traffic or long delay
2025-01-12,4,3,3,1,24.5,0.0,68,2025.0,1.0,1.0,9.0,,,,,,76.0,50.0,15.5,20,0,59,⚠️ Heavy traffic or long delay
2025-01-12,5,1,2,0,26.0,0.0,102,2025.0,1.0,1.0,9.0,,,,,,85.5,50.0,15.5,9,0,111,⚠️ Heavy traffic or long delay
2025-01-12,5,1,1,0,31.5,0.0,139,2025.0,1.0,1.0,9.0,,,,,,75.5,50.0,15.5,8,0,140,⚠️ Heavy traffic or long delay
2025-01-12,6,2,2,3,29.1,0.0,226,2025.0,1.0,1.0,9.0,,,,,,76.0,50.0,15.5,1,0,208,⚠️ Heavy traffic or long delay
2025-01-12,6,2,0,2,20.1,8.9,159,2025.0,1.0,1.0,9.0,,,,,,61.0,50.0,15.5,16,0,143,⚠️ Heavy traffic or long delay
2025-01-12,6,2,3,1,32.4,0.0,103,2025.0,1.0,1.0,9.0,,,,,,72.0,50.0,15.5,24,0,105,⚠️ Heavy traffic or long delay
2025-01-12,7,0,2,1,31.1,0.0,93,2025.0,1.0,1.0,9.0,,,,,,80.5,50.0,15.5,5,0,90,⚠️ Heavy traffic or long delay
2025-01-12,7,0,1,0,29.1,0.0,45,2025.0,1.0,1.0,9.0,,,,,,86.5,50.0,15.5,22,0,51,⚠️ Heavy traffic or long delay
2025-01-12,7,0,3,3,20.4,0.0,41,2025.0,1.0,1.0,9.0,,,,,,88.5,50.0,15.5,20,0,41,⚠️ Heavy traffic or long delay
2025-01-12,8,6,0,2,24.1,6.1,145,2025.0,1.0,1.0,9.0,,,,,,79.5,50.0,15.5,21,0,152,⚠️ Heavy traffic or long delay
2025-01-12,8,6,1,2,32.9,4.6,356,2025.0,1.0,1.0,9.0,,,,,,82.5,50.0,15.5,20,0,356,⚠️ Heavy traffic or long delay
2025-01-12,8,6,3,2,30.5,0.0,202,2025.0,1.0,1.0,9.0,,,,,,71.5,50.0,15.5,24,0,172,⚠️ Heavy traffic or long delay
2025-01-12,9,5,2,3,20.6,0.0,105,2025.0,1.0,1.0,9.0,,,,,,84.5,50.0,15.5,5,0,113,⚠️ Heavy traffic or long delay
2025-01-12,9,5,0,3,31.9,0.0,83,2025.0,1.0,1.0,9.0,,,,,,75.5,50.0,15.5,7,0,82,⚠️ Heavy traffic or long delay
2025-01-12,9,5,1,3,29.7,0.0,201,2025.0,1.0,1.0,9.0,,,,,,83.0,50.0,15.5,1,0,156,⚠️ Heavy traffic or long delay
2025-01-12,1,4,0,3,24.8,0.0,39,2025.0,1.0,1.0,9.0,,,,,,60.5,50.0,15.5,24,0,33,⚠️ Heavy traffic or long delay
2025-01-12,1,4,1,0,31.4,0.0,47,2025.0,1.0,1.0,9.0,,,,,,73.0,50.0,15.5,20,0,43,⚠️ Heavy traffic or long delay
2025-01-12,1,4,3,2,31.1,9.3,32,2025.0,1.0,1.0,9.0,,,,,,80.5,50.0,15.5,6,0,33,⚠️ Heavy traffic or long delay
2025-01-13,0,8,1,1,23.2,0.0,171,2025.0,1.0,1.0,9.0,,,,,,68.0,50.0,15.5,16,0,174,⚠️ Heavy traffic or long delay
2025-01-13,0,8,3,3,32.7,0.0,107,2025.0,1.0,1.0,9.0,,,,,,79.5,50.0,15.5,20,0,104,⚠️ Heavy traffic or long delay
2025-01-13,2,7,2,3,30.6,0.0,42,2025.0,1.0,1.0,9.0,,,,,,76.0,50.0,15.5,13,0,62,⚠️ Heavy traffic or long delay
2025-01-13,2,7,1,3,25.6,0.0,72,2025.0,1.0,1.0,9.0,,,,,,81.0,50.0,15.5,21,0,64,⚠️ Heavy traffic or long delay
2025-01-13,2,7,3,3,25.6,0.0,29,2025.0,1.0,1.0,9.0,,,,,,86.5,50.0,15.5,10,0,30,⚠️ Heavy traffic or long delay
2025-01-13,3,9,2,0,28.7,0.0,149,2025.0,1.0,1.0,9.0,,,,,,83.5,50.0,15.5,0,0,145,⚠️ Heavy traffic or long delay
2025-01-13,3,9,0,0,29.8,0.0,76,2025.0,1.0,1.0,9.0,,,,,,79.0,50.0,15.5,18,0,107,⚠️ Heavy traffic or long delay
2025-01-13,3,9,1,3,30.1,0.0,174,2025.0,1.0,1.0,9.0,,,,,,74.0,50.0,15.5,20,0,132,⚠️ Heavy traffic or long delay
2025-01-13,3,9,3,2,27.6,0.2,83,2025.0,1.0,1.0,9.0,,,,,,80.5,50.0,15.5,3,0,87,⚠️ Heavy traffic or long delay
2025-01-13,4,3,2,3,25.8,0.0,82,2025.0,1.0,1.0,9.0,,,,,,87.0,50.0,15.5,18,0,82,⚠️ Heavy traffic or long delay
2025-01-13,4,3,0,3,32.2,0.0,45,2025.0,1.0,1.0,9.0,,,,,,72.5,50.0,15.5,20,0,46,⚠️ Heavy traffic or long delay
2025-01-13,4,3,1,3,26.0,0.0,97,2025.0,1.0,1.0,9.0,,,,,,77.0,50.0,15.5,10,0,91,⚠️ Heavy traffic or long delay
2025-01-13,4,3,3,0,28.7,0.0,67,2025.0,1.0,1.0,9.0,,,,,,84.5,50.0,15.5,7,0,64,⚠️ Heavy traffic or long delay
2025-01-13,5,1,1,3,28.8,0.0,111,2025.0,1.0,1.0,9.0,,,,,,66.0,50.0,15.5,16,0,125,⚠️ Heavy traffic or long delay
2025-01-13,5,1,3,1,25.2,0.0,53,2025.0,1.0,1.0,9.0,,,,,,89.5,50.0,15.5,6,0,58,⚠️ Heavy traffic or long delay
2025-01-13,6,2,2,0,32.8,0.0,190,2025.0,1.0,1.0,9.0,,,,,,88.5,50.0,15.5,7,0,184,⚠️ Heavy traffic or long delay
2025-01-13,6,2,1,0,21.5,0.0,149,2025.0,1.0,1.0,9.0,,,,,,88.0,50.0,15.5,21,0,150,⚠️ Heavy traffic or long delay
2025-01-13,6,2,3,2,29.9,0.9,141,2025.0,1.0,1.0,9.0,,,,,,77.5,50.0,15.5,1,0,139,⚠️ Heavy traffic or long delay
2025-01-13,7,0,2,3,23.4,0.0,58,2025.0,1.0,1.0,9.0,,,,,,82.0,50.0,15.5,22,0,57,⚠️ Heavy traffic or long delay
2025-01-13,7,0,1,2,30.6,6.0,115,2025.0,1.0,1.0,9.0,,,,,,60.0,50.0,15.5,23,0,77,⚠️ Heavy traffic or long delay
2025-01-13,7,0,3,3,24.5,0.0,32,2025.0,1.0,1.0,9.0,,,,,,63.5,50.0,15.5,21,0,31,⚠️ Heavy traffic or long delay
2025-01-13,8,6,2,1,22.4,0.0,164,2025.0,1.0,1.0,9.0,,,,,,82.5,50.0,15.5,21,0,220,⚠️ Heavy traffic or long delay
2025-01-13,8,6,1,1,25.8,0.0,293,2025.0,1.0,1.0,9.0,,,,,,66.5,50.0,15.5,23,0,285,⚠️ Heavy traffic or long delay
2025-01-13,9,5,2,0,21.2,0.0,166,2025.0,1.0,1.0,9.0,,,,,,85.0,50.0,15.5,3,0,166,⚠️ Heavy traffic or long delay
2025-01-13,9,5,1,2,20.6,5.0,194,2025.0,1.0,1.0,9.0,,,,,,67.0,50.0,15.5,19,0,191,⚠️ Heavy traffic or long delay
2025-01-13,9,5,3,0,32.4,0.0,92,2025.0,1.0,1.0,9.0,,,,,,73.5,50.0,15.5,18,0,89,⚠️ Heavy traffic or long delay
2025-01-13,1,4,2,1,23.0,0.0,43,2025.0,1.0,1.0,9.0,,,,,,76.5,50.0,15.5,2,0,53,⚠️ Heavy traffic or long delay
2025-01-13,1,4,0,0,20.6,0.0,19,2025.0,1.0,1.0,9.0,,,,,,60.5,50.0,15.5,19,0,21,⚠️ Heavy traffic or long delay
2025-01-13,1,4,1,3,21.1,0.0,41,2025.0,1.0,1.0,9.0,,,,,,75.5,50.0,15.5,10,0,42,⚠️ Heavy traffic or long delay
2025-01-13,1,4,3,3,32.9,0.0,26,2025.0,1.0,1.0,9.0,,,,,,71.0,50.0,15.5,16,0,44,⚠️ Heavy traffic or long delay
2025-01-14,0,8,0,0,26.2,0.0,85,2025.0,1.0,1.0,9.0,,,,,,85.0,50.0,15.5,10,0,103,⚠️ Heavy traffic or long delay
2025-01-14,0,8,3,0,21.1,0.0,107,2025.0,1.0,1.0,9.0,,,,,,88.5,50.0,15.5,8,0,87,⚠️ Heavy traffic or long delay
2025-01-14,2,7,0,0,20.4,0.0,35,2025.0,1.0,1.0,9.0,,,,,,88.5,50.0,15.5,20,0,37,⚠️ Heavy traffic or long delay
2025-01-14,2,7,1,2,21.1,6.2,106,2025.0,1.0,1.0,9.0,,,,,,88.5,50.0,15.5,8,0,102,⚠️ Heavy traffic or long delay
2025-01-14,3,9,2,0,23.9,0.0,177,2025.0,1.0,1.0,9.0,,,,,,84.0,50.0,15.5,7,0,162,⚠️ Heavy traffic or long delay
2025-01-14,3,9,0,0,27.4,0.0,134,2025.0,1.0,1.0,9.0,,,,,,85.5,50.0,15.5,16,0,117,⚠️ Heavy traffic or long delay
2025-01-14,3,9,1,1,26.5,0.0,128,2025.0,1.0,1.0,9.0,,,,,,80.5,50.0,15.5,0,0,128,⚠️ Heavy traffic or long delay
2025-01-14,3,9,3,2,26.9,10.0,123,2025.0,1.0,1.0,9.0,,,,,,62.5,50.0,15.5,24,0,123,⚠️ Heavy traffic or long delay
2025-01-14,4,3,0,2,21.1,5.4,79,2025.0,1.0,1.0,9.0,,,,,,86.5,50.0,15.5,7,0,97,⚠️ Heavy traffic or long delay
2025-01-14,4,3,1,3,31.7,0.0,68,2025.0,1.0,1.0,9.0,,,,,,81.0,50.0,15.5,9,0,99,⚠️ Heavy traffic or long delay
2025-01-14,4,3,3,1,27.5,0.0,76,2025.0,1.0,1.0,9.0,,,,,,89.5,50.0,15.5,24,0,68,⚠️ Heavy traffic or long delay
2025-01-14,5,1,2,3,23.4,0.0,112,2025.0,1.0,1.0,9.0,,,,,,78.0,50.0,15.5,6,0,114,⚠️ Heavy traffic or long delay
2025-01-14,5,1,0,3,28.4,0.0,114,2025.0,1.0,1.0,9.0,,,,,,76.0,50.0,15.5,2,0,103,⚠️ Heavy traffic or long delay
2025-01-14,5,1,3,3,20.0,0.0,60,2025.0,1.0,1.0,9.0,,,,,,86.0,50.0,15.5,17,0,61,⚠️ Heavy traffic or long delay
2025-01-14,6,2,2,2,30.4,6.8,209,2025.0,1.0,1.0,9.0,,,,,,89.5,50.0,15.5,4,0,210,⚠️ Heavy traffic or long delay
2025-01-14,6,2,0,3,31.0,0.0,126,2025.0,1.0,1.0,9.0,,,,,,81.5,50.0,15.5,11,0,118,⚠️ Heavy traffic or long delay
2025-01-14,6,2,1,1,25.6,0.0,195,2025.0,1.0,1.0,9.0,,,,,,81.5,50.0,15.5,11,0,231,⚠️ Heavy traffic or long delay
2025-01-14,6,2,3,2,24.0,7.6,108,2025.0,1.0,1.0,9.0,,,,,,62.0,50.0,15.5,18,0,104,⚠️ Heavy traffic or long delay
2025-01-14,7,0,2,1,25.4,0.0,102,2025.0,1.0,1.0,9.0,,,,,,79.0,50.0,15.5,5,0,106,⚠️ Heavy traffic or long delay
2025-01-14,7,0,3,1,27.3,0.0,37,2025.0,1.0,1.0,9.0,,,,,,82.0,50.0,15.5,18,0,32,⚠️ Heavy traffic or long delay
2025-01-14,8,6,2,2,29.8,8.5,418,2025.0,1.0,1.0,9.0,,,,,,75.5,50.0,15.5,4,0,250,⚠️ Heavy traffic or long delay
2025-01-14,8,6,0,3,22.9,0.0,142,2025.0,1.0,1.0,9.0,,,,,,85.5,50.0,15.5,11,0,166,⚠️ Heavy traffic or long delay
2025-01-14,8,6,1,1,23.5,0.0,175,2025.0,1.0,1.0,9.0,,,,,,74.5,50.0,15.5,16,0,197,⚠️ Heavy traffic or long delay
2025-01-14,8,6,3,3,26.7,0.0,88,2025.0,1.0,1.0,9.0,,,,,,83.0,50.0,15.5,16,0,97,⚠️ Heavy traffic or long delay
2025-01-14,9,5,2,2,32.8,6.2,128,2025.0,1.0,1.0,9.0,,,,,,77.0,50.0,15.5,9,0,134,⚠️ Heavy traffic or long delay
2025-01-14,9,5,0,3,20.6,0.0,109,2025.0,1.0,1.0,9.0,,,,,,87.0,50.0,15.5,24,0,106,⚠️ Heavy traffic or long delay
2025-01-14,9,5,1,2,26.9,0.5,200,2025.0,1.0,1.0,9.0,,,,,,79.5,50.0,15.5,22,0,196,⚠️ Heavy traffic or long delay
2025-01-14,9,5,3,0,30.6,0.0,96,2025.0,1.0,1.0,9.0,,,,,,85.5,50.0,15.5,16,0,94,⚠️ Heavy traffic or long delay
2025-01-14,1,4,1,1,22.8,0.0,59,2025.0,1.0,1.0,9.0,,,,,,84.5,50.0,15.5,15,0,37,⚠️ Heavy traffic or long delay
2025-01-14,1,4,3,1,20.3,0.0,11,2025.0,1.0,1.0,9.0,,,,,,89.5,50.0,15.5,23,0,16,⚠️ Heavy traffic or long delay
2025-01-15,0,8,2,3,20.5,0.0,144,2025.0,1.0,1.0,9.0,,,,,,80.5,50.0,15.5,18,0,163,⚠️ Heavy traffic or long delay
2025-01-15,0,8,1,3,26.5,0.0,206,2025.0,1.0,1.0,9.0,,,,,,69.0,50.0,15.5,20,0,178,⚠️ Heavy traffic or long delay
2025-01-15,0,8,3,1,29.9,0.0,76,2025.0,1.0,1.0,9.0,,,,,,68.0,50.0,15.5,16,0,78,⚠️ Heavy traffic or long delay
2025-01-15,2,7,2,2,22.9,5.9,101,2025.0,1.0,1.0,9.0,,,,,,87.5,50.0,15.5,22,0,98,⚠️ Heavy traffic or long delay
2025-01-15,2,7,1,2,26.5,7.6,51,2025.0,1.0,1.0,9.0,,,,,,73.5,50.0,15.5,21,0,58,⚠️ Heavy traffic or long delay
2025-01-15,2,7,3,0,22.7,0.0,48,2025.0,1.0,1.0,9.0,,,,,,88.5,50.0,15.5,15,0,38,⚠️ Heavy traffic or long delay
2025-01-15,3,9,2,1,25.2,0.0,176,2025.0,1.0,1.0,9.0,,,,,,87.0,50.0,15.5,5,0,170,⚠️ Heavy traffic or long delay
2025-01-15,3,9,1,3,31.6,0.0,82,2025.0,1.0,1.0,9.0,,,,,,78.0,50.0,15.5,24,0,120,⚠️ Heavy traffic or long delay
2025-01-15,3,9,3,0,24.0,0.0,86,2025.0,1.0,1.0,9.0,,,,,,72.5,50.0,15.5,17,0,88,⚠️ Heavy traffic or long delay
2025-01-15,4,3,2,0,32.9,0.0,80,2025.0,1.0,1.0,9.0,,,,,,86.0,50.0,15.5,24,0,85,⚠️ Heavy traffic or long delay
2025-01-15,5,1,2,2,29.6,8.7,175,2025.0,1.0,1.0,9.0,,,,,,86.0,50.0,15.5,12,0,175,⚠️ Heavy traffic or long delay
2025-01-15,5,1,1,3,20.7,0.0,122,2025.0,1.0,1.0,9.0,,,,,,88.5,50.0,15.5,9,0,127,⚠️ Heavy traffic or long delay
2025-01-15,5,1,3,2,22.1,6.3,109,2025.0,1.0,1.0,9.0,,,,,,88.5,50.0,15.5,15,0,105,⚠️ Heavy traffic or long delay
2025-01-15,6,2,0,1,32.2,0.0,156,2025.0,1.0,1.0,9.0,,,,,,83.0,50.0,15.5,16,0,150,⚠️ Heavy traffic or long delay
2025-01-15,6,2,1,2,24.3,2.1,235,2025.0,1.0,1.0,9.0,,,,,,76.5,50.0,15.5,22,0,146,⚠️ Heavy traffic or long delay
2025-01-15,6,2,3,2,22.7,3.8,130,2025.0,1.0,1.0,9.0,,,,,,75.5,50.0,15.5,20,0,134,⚠️ Heavy traffic or long delay
2025-01-15,7,0,2,0,27.7,0.0,92,2025.0,1.0,1.0,9.0,,,,,,86.5,50.0,15.5,21,0,82,⚠️ Heavy traffic or long delay
2025-01-15,7,0,0,2,22.8,3.9,48,2025.0,1.0,1.0,9.0,,,,,,83.5,50.0,15.5,6,0,51,⚠️ Heavy traffic or long delay
2025-01-15,7,0,3,2,31.7,4.9,23,2025.0,1.0,1.0,9.0,,,,,,79.5,50.0,15.5,14,0,20,⚠️ Heavy traffic or long delay
2025-01-15,8,6,2,0,31.7,0.0,242,2025.0,1.0,1.0,9.0,,,,,,82.0,50.0,15.5,20,0,247,⚠️ Heavy traffic or long delay
2025-01-15,8,6,0,3,24.5,0.0,194,2025.0,1.0,1.0,9.0,,,,,,86.0,50.0,15.5,6,0,197,⚠️ Heavy traffic or long delay
2025-01-15,8,6,3,1,20.1,0.0,97,2025.0,1.0,1.0,9.0,,,,,,67.5,50.0,15.5,18,0,98,⚠️ Heavy traffic or long delay
2025-01-15,9,5,2,1,28.6,0.0,223,2025.0,1.0,1.0,9.0,,,,,,79.0,50.0,15.5,15,0,186,⚠️ Heavy traffic or long delay
2025-01-15,9,5,1,2,23.7,4.1,200,2025.0,1.0,1.0,9.0,,,,,,70.5,50.0,15.5,17,0,195,⚠️ Heavy traffic or long delay
2025-01-15,9,5,3,3,22.2,0.0,93,2025.0,1.0,1.0,9.0,,,,,,74.0,50.0,15.5,22,0,91,⚠️ Heavy traffic or long delay
2025-01-15,1,4,2,0,29.1,0.0,30,2025.0,1.0,1.0,9.0,,,,,,87.0,50.0,15.5,17,0,44,⚠️ Heavy traffic or long delay
2025-01-15,1,4,0,2,32.5,2.4,16,2025.0,1.0,1.0,9.0,,,,,,61.0,50.0,15.5,19,0,43,⚠️ Heavy traffic or long delay
2025-01-16,0,8,2,1,31.2,0.0,156,2025.0,1.0,1.0,9.0,,,,,,67.5,50.0,15.5,17,0,161,⚠️ Heavy traffic or long delay
2025-01-16,0,8,0,2,24.4,5.4,169,2025.0,1.0,1.0,9.0,,,,,,85.0,50.0,15.5,9,0,166,⚠️ Heavy traffic or long delay
2025-01-16,0,8,1,2,24.8,0.5,161,2025.0,1.0,1.0,9.0,,,,,,78.0,50.0,15.5,6,0,161,⚠️ Heavy traffic or long delay
2025-01-16,0,8,3,1,20.5,0.0,82,2025.0,1.0,1.0,9.0,,,,,,70.5,50.0,15.5,16,0,88,⚠️ Heavy traffic or long delay
2025-01-16,2,7,2,2,20.7,6.9,76,2025.0,1.0,1.0,9.0,,,,,,88.0,50.0,15.5,13,0,82,⚠️ Heavy traffic or long delay
2025-01-16,2,7,0,2,27.9,9.8,64,2025.0,1.0,1.0,9.0,,,,,,74.0,50.0,15.5,23,0,64,⚠️ Heavy traffic or long delay
2025-01-16,3,9,0,0,21.3,0.0,100,2025.0,1.0,1.0,9.0,,,,,,83.0,50.0,15.5,1,0,97,⚠️ Heavy traffic or long delay
2025-01-16,3,9,1,1,23.3,0.0,153,2025.0,1.0,1.0,9.0,,,,,,84.0,50.0,15.5,2,0,149,⚠️ Heavy traffic or long delay
2025-01-16,4,3,2,2,22.2,2.2,97,2025.0,1.0,1.0,9.0,,,,,,82.5,50.0,15.5,10,0,97,⚠️ Heavy traffic or long delay
2025-01-16,4,3,0,1,20.3,0.0,86,2025.0,1.0,1.0,9.0,,,,,,85.5,50.0,15.5,7,0,80,⚠️ Heavy traffic or long delay
2025-01-16,4,3,1,0,23.5,0.0,73,2025.0,1.0,1.0,9.0,,,,,,62.0,50.0,15.5,22,0,78,⚠️ Heavy traffic or long delay
2025-01-16,4,3,3,1,28.0,0.0,49,2025.0,1.0,1.0,9.0,,,,,,65.5,50.0,15.5,22,0,61,⚠️ Heavy traffic or long delay
2025-01-16,5,1,3,1,27.1,0.0,43,2025.0,1.0,1.0,9.0,,,,,,83.5,50.0,15.5,23,0,45,⚠️ Heavy traffic or long delay
2025-01-16,6,2,2,3,31.6,0.0,125,2025.0,1.0,1.0,9.0,,,,,,70.0,50.0,15.5,16,0,217,⚠️ Heavy traffic or long delay
2025-01-16,6,2,0,2,21.1,9.0,160,2025.0,1.0,1.0,9.0,,,,,,79.0,50.0,15.5,3,0,140,⚠️ Heavy traffic or long delay
2025-01-16,6,2,1,1,22.6,0.0,191,2025.0,1.0,1.0,9.0,,,,,,77.5,50.0,15.5,21,0,152,⚠️ Heavy traffic or long delay
2025-01-16,6,2,3,1,20.1,0.0,86,2025.0,1.0,1.0,9.0,,,,,,76.0,50.0,15.5,24,0,79,⚠️ Heavy traffic or long delay
2025-01-16,7,0,0,1,32.5,0.0,42,2025.0,1.0,1.0,9.0,,,,,,78.0,50.0,15.5,17,0,42,⚠️ Heavy traffic or long delay
2025-01-16,7,0,3,1,31.9,0.0,44,2025.0,1.0,1.0,9.0,,,,,,88.5,50.0,15.5,15,0,42,⚠️ Heavy traffic or long delay
2025-01-16,8,6,0,2,21.3,1.8,131,2025.0,1.0,1.0,9.0,,,,,,86.5,50.0,15.5,9,0,134,⚠️ Heavy traffic or long delay
2025-01-16,8,6,3,3,25.9,0.0,80,2025.0,1.0,1.0,9.0,,,,,,77.5,50.0,15.5,1,0,119,⚠️ Heavy traffic or long delay
2025-01-16,9,5,2,1,21.2,0.0,174,2025.0,1.0,1.0,9.0,,,,,,76.5,50.0,15.5,22,0,168,⚠️ Heavy traffic or long delay
2025-01-16,9,5,0,0,30.9,0.0,125,2025.0,1.0,1.0,9.0,,,,,,85.5,50.0,15.5,2,0,119,⚠️ Heavy traffic or long delay
2025-01-16,1,4,2,1,27.4,0.0,48,2025.0,1.0,1.0,9.0,,,,,,88.5,50.0,15.5,22,0,43,⚠️ Heavy traffic or long delay
2025-01-16,1,4,1,1,31.4,0.0,29,2025.0,1.0,1.0,9.0,,,,,,88.5,50.0,15.5,12,0,38,⚠️ Heavy traffic or long delay
2025-01-16,1,4,3,2,31.0,8.0,23,2025.0,1.0,1.0,9.0,,,,,,75.5,50.0,15.5,17,0,23,⚠️ Heavy traffic or long delay
2025-01-17,0,8,0,0,20.7,0.0,99,2025.0,1.0,1.0,9.0,,,,,,87.5,50.0,15.5,6,0,94,⚠️ Heavy traffic or long delay
2025-01-17,0,8,3,1,30.1,0.0,67,2025.0,1.0,1.0,9.0,,,,,,82.0,50.0,15.5,19,0,85,⚠️ Heavy traffic or long delay
2025-01-17,2,7,2,2,23.5,3.4,105,2025.0,1.0,1.0,9.0,,,,,,61.5,50.0,15.5,16,0,89,⚠️ Heavy traffic or long delay
2025-01-17,2,7,0,0,22.4,0.0,45,2025.0,1.0,1.0,9.0,,,,,,67.5,50.0,15.5,20,0,36,⚠️ Heavy traffic or long delay
2025-01-17,2,7,3,0,22.7,0.0,30,2025.0,1.0,1.0,9.0,,,,,,67.5,50.0,15.5,24,0,38,⚠️ Heavy traffic or long delay
2025-01-17,3,9,2,1,20.7,0.0,155,2025.0,1.0,1.0,9.0,,,,,,87.0,50.0,15.5,15,0,156,⚠️ Heavy traffic or long delay
2025-01-17,3,9,0,3,32.7,0.0,127,2025.0,1.0,1.0,9.0,,,,,,60.5,50.0,15.5,23,0,115,⚠️ Heavy traffic or long delay
2025-01-17,3,9,1,2,25.7,1.7,201,2025.0,1.0,1.0,9.0,,,,,,84.0,50.0,15.5,11,0,199,⚠️ Heavy traffic or long delay
2025-01-17,4,3,2,0,30.4,0.0,121,2025.0,1.0,1.0,9.0,,,,,,75.5,50.0,15.5,24,0,106,⚠️ Heavy traffic or long delay
2025-01-17,4,3,1,1,23.0,0.0,83,2025.0,1.0,1.0,9.0,,,,,,69.5,50.0,15.5,24,0,89,⚠️ Heavy traffic or long delay
2025-01-17,5,1,2,1,24.5,0.0,132,2025.0,1.0,1.0,9.0,,,,,,65.5,50.0,15.5,19,0,130,⚠️ Heavy traffic or long delay
2025-01-17,5,1,0,0,30.7,0.0,90,2025.0,1.0,1.0,9.0,,,,,,84.5,50.0,15.5,4,0,88,⚠️ Heavy traffic or long delay
2025-01-17,5,1,1,1,29.7,0.0,130,2025.0,1.0,1.0,9.0,,,,,,77.0,50.0,15.5,0,0,146,⚠️ Heavy traffic or long delay
2025-01-17,5,1,3,3,28.6,0.0,61,2025.0,1.0,1.0,9.0,,,,,,89.5,50.0,15.5,16,0,62,⚠️ Heavy traffic or long delay
2025-01-17,6,2,2,0,28.0,0.0,154,2025.0,1.0,1.0,9.0,,,,,,76.0,50.0,15.5,2,0,181,⚠️ Heavy traffic or long delay
2025-01-17,6,2,0,3,32.2,0.0,77,2025.0,1.0,1.0,9.0,,,,,,76.0,50.0,15.5,12,0,80,⚠️ Heavy traffic or long delay
2025-01-17,6,2,1,3,29.1,0.0,223,2025.0,1.0,1.0,9.0,,,,,,85.0,50.0,15.5,13,0,203,⚠️ Heavy traffic or long delay
2025-01-17,6,2,3,1,26.5,0.0,90,2025.0,1.0,1.0,9.0,,,,,,81.0,50.0,15.5,23,0,89,⚠️ Heavy traffic or long delay
2025-01-17,7,0,2,2,23.9,5.1,107,2025.0,1.0,1.0,9.0,,,,,,78.0,50.0,15.5,17,0,100,⚠️ Heavy traffic or long delay
2025-01-17,7,0,1,2,27.3,3.7,54,2025.0,1.0,1.0,9.0,,,,,,61.0,50.0,15.5,17,0,77,⚠️ Heavy traffic or long delay
2025-01-17,8,6,2,1,24.3,0.0,335,2025.0,1.0,1.0,9.0,,,,,,76.0,50.0,15.5,24,0,311,⚠️ Heavy traffic or long delay
2025-01-17,8,6,0,2,24.9,0.5,168,2025.0,1.0,1.0,9.0,,,,,,79.5,50.0,15.5,15,0,173,⚠️ Heavy traffic or long delay
2025-01-17,8,6,3,1,27.7,0.0,124,2025.0,1.0,1.0,9.0,,,,,,81.0,50.0,15.5,20,0,120,⚠️ Heavy traffic or long delay
2025-01-17,9,5,2,1,25.5,0.0,210,2025.0,1.0,1.0,9.0,,,,,,81.5,50.0,15.5,13,0,203,⚠️ Heavy traffic or long delay
2025-01-17,1,4,2,3,23.4,0.0,54,2025.0,1.0,1.0,9.0,,,,,,75.0,50.0,15.5,16,0,35,⚠️ Heavy traffic or long delay
2025-01-17,1,4,0,0,27.3,0.0,36,2025.0,1.0,1.0,9.0,,,,,,82.5,50.0,15.5,24,0,29,⚠️ Heavy traffic or long delay
2025-01-17,1,4,1,3,20.1,0.0,40,2025.0,1.0,1.0,9.0,,,,,,60.5,50.0,15.5,23,0,42,⚠️ Heavy traffic or long delay
2025-01-17,1,4,3,1,20.6,0.0,18,2025.0,1.0,1.0,9.0,,,,,,85.0,50.0,15.5,3,0,20,⚠️ Heavy traffic or long delay
2025-01-18,0,8,2,3,30.3,0.0,217,2025.0,1.0,1.0,9.0,,,,,,84.5,50.0,15.5,11,0,211,⚠️ Heavy traffic or long delay
2025-01-18,0,8,0,0,27.4,0.0,85,2025.0,1.0,1.0,9.0,,,,,,77.0,50.0,15.5,4,0,94,⚠️ Heavy traffic or long delay
2025-01-18,2,7,1,2,20.2,8.5,93,2025.0,1.0,1.0,9.0,,,,,,74.0,50.0,15.5,23,0,93,⚠️ Heavy traffic or long delay
2025-01-18,3,9,2,3,29.8,0.0,161,2025.0,1.0,1.0,9.0,,,,,,64.5,50.0,15.5,23,0,151,⚠️ Heavy traffic or long delay
2025-01-18,3,9,1,2,23.7,9.3,109,2025.0,1.0,1.0,9.0,,,,,,76.5,50.0,15.5,12,0,116,⚠️ Heavy traffic or long delay
2025-01-18,3,9,3,0,25.9,0.0,81,2025.0,1.0,1.0,9.0,,,,,,85.0,50.0,15.5,1,0,80,⚠️ Heavy traffic or long delay
2025-01-18,4,3,2,3,25.7,0.0,117,2025.0,1.0,1.0,9.0,,,,,,80.0,50.0,15.5,24,0,58,⚠️ Heavy traffic or long delay
2025-01-18,4,3,1,2,24.2,0.3,111,2025.0,1.0,1.0,9.0,,,,,,61.5,50.0,15.5,19,0,103,⚠️ Heavy traffic or long delay
2025-01-18,4,3,3,1,28.2,0.0,65,2025.0,1.0,1.0,9.0,,,,,,88.5,50.0,15.5,3,0,65,⚠️ Heavy traffic or long delay
2025-01-18,5,1,2,1,28.5,0.0,133,2025.0,1.0,1.0,9.0,,,,,,86.0,50.0,15.5,7,0,142,⚠️ Heavy traffic or long delay
2025-01-18,5,1,0,2,23.4,1.9,139,2025.0,1.0,1.0,9.0,,,,,,84.5,50.0,15.5,19,0,133,⚠️ Heavy traffic or long delay
2025-01-18,5,1,1,2,29.9,4.2,103,2025.0,1.0,1.0,9.0,,,,,,82.0,50.0,15.5,21,0,112,⚠️ Heavy traffic or long delay
2025-01-18,5,1,3,0,23.8,0.0,77,2025.0,1.0,1.0,9.0,,,,,,65.0,50.0,15.5,20,0,69,⚠️ Heavy traffic or long delay
2025-01-18,6,2,2,1,25.6,0.0,247,2025.0,1.0,1.0,9.0,,,,,,74.0,50.0,15.5,18,0,241,⚠️ Heavy traffic or long delay
2025-01-18,6,2,0,0,31.0,0.0,141,2025.0,1.0,1.0,9.0,,,,,,87.5,50.0,15.5,12,0,116,⚠️ Heavy traffic or long delay
2025-01-18,6,2,1,2,27.5,6.0,259,2025.0,1.0,1.0,9.0,,,,,,77.5,50.0,15.5,13,0,245,⚠️ Heavy traffic or long delay
2025-01-18,7,0,0,0,20.6,0.0,43,2025.0,1.0,1.0,9.0,,,,,,88.0,50.0,15.5,1,0,45,⚠️ Heavy traffic or long delay
2025-01-18,7,0,1,0,24.1,0.0,79,2025.0,1.0,1.0,9.0,,,,,,77.5,50.0,15.5,24,0,78,⚠️ Heavy traffic or long delay
2025-01-18,8,6,2,3,23.8,0.0,299,2025.0,1.0,1.0,9.0,,,,,,78.0,50.0,15.5,16,0,318,⚠️ Heavy traffic or long delay
2025-01-18,8,6,1,2,28.2,1.1,235,2025.0,1.0,1.0,9.0,,,,,,71.5,50.0,15.5,23,0,239,⚠️ Heavy traffic or long delay
2025-01-18,8,6,3,1,30.3,0.0,104,2025.0,1.0,1.0,9.0,,,,,,77.0,50.0,15.5,5,0,183,⚠️ Heavy traffic or long delay
2025-01-18,9,5,2,1,31.2,0.0,114,2025.0,1.0,1.0,9.0,,,,,,84.0,50.0,15.5,4,0,132,⚠️ Heavy traffic or long delay
2025-01-18,9,5,0,1,22.5,0.0,78,2025.0,1.0,1.0,9.0,,,,,,77.0,50.0,15.5,4,0,113,⚠️ Heavy traffic or long delay
2025-01-18,9,5,1,3,31.2,0.0,149,2025.0,1.0,1.0,9.0,,,,,,83.5,50.0,15.5,21,0,141,⚠️ Heavy traffic or long delay
2025-01-18,9,5,3,0,25.0,0.0,99,2025.0,1.0,1.0,9.0,,,,,,77.5,50.0,15.5,14,0,95,⚠️ Heavy traffic or long delay
2025-01-18,1,4,2,2,29.8,2.1,32,2025.0,1.0,1.0,9.0,,,,,,68.5,50.0,15.5,22,0,35,⚠️ Heavy traffic or long delay
2025-01-18,1,4,0,0,20.3,0.0,44,2025.0,1.0,1.0,9.0,,,,,,84.0,50.0,15.5,16,0,22,⚠️ Heavy traffic or long delay
2025-01-18,1,4,1,0,32.2,0.0,32,2025.0,1.0,1.0,9.0,,,,,,79.0,50.0,15.5,8,0,34,⚠️ Heavy traffic or long delay
2025-01-18,1,4,3,2,27.1,9.5,26,2025.0,1.0,1.0,9.0,,,,,,75.5,50.0,15.5,2,0,28,⚠️ Heavy traffic or long delay
2025-01-19,0,8,2,3,32.2,0.0,120,2025.0,1.0,1.0,9.0,,,,,,71.5,50.0,15.5,19,0,123,⚠️ Heavy traffic or long delay
2025-01-19,0,8,0,2,30.7,2.1,186,2025.0,1.0,1.0,9.0,,,,,,71.0,50.0,15.5,16,0,182,⚠️ Heavy traffic or long delay
2025-01-19,0,8,1,3,28.0,0.0,123,2025.0,1.0,1.0,9.0,,,,,,75.5,50.0,15.5,9,0,152,⚠️ Heavy traffic or long delay
2025-01-19,0,8,3,2,23.2,6.5,77,2025.0,1.0,1.0,9.0,,,,,,78.0,50.0,15.5,2,0,82,⚠️ Heavy traffic or long delay
2025-01-19,2,7,2,1,24.5,0.0,78,2025.0,1.0,1.0,9.0,,,,,,65.5,50.0,15.5,17,0,80,⚠️ Heavy traffic or long delay
2025-01-19,2,7,0,3,31.1,0.0,31,2025.0,1.0,1.0,9.0,,,,,,84.0,50.0,15.5,17,0,34,⚠️ Heavy traffic or long delay
2025-01-19,2,7,1,2,20.4,4.2,59,2025.0,1.0,1.0,9.0,,,,,,87.0,50.0,15.5,16,0,64,⚠️ Heavy traffic or long delay
2025-01-19,2,7,3,1,26.0,0.0,14,2025.0,1.0,1.0,9.0,,,,,,66.0,50.0,15.5,23,0,48,⚠️ Heavy traffic or long delay
2025-01-19,3,9,1,2,25.1,5.6,184,2025.0,1.0,1.0,9.0,,,,,,77.0,50.0,15.5,5,0,184,⚠️ Heavy traffic or long delay
2025-01-19,3,9,3,2,22.0,7.3,93,2025.0,1.0,1.0,9.0,,,,,,80.0,50.0,15.5,12,0,97,⚠️ Heavy traffic or long delay
2025-01-19,4,3,2,1,22.0,0.0,81,2025.0,1.0,1.0,9.0,,,,,,74.5,50.0,15.5,23,0,94,⚠️ Heavy traffic or long delay
2025-01-19,4,3,1,2,28.8,2.3,109,2025.0,1.0,1.0,9.0,,,,,,84.0,50.0,15.5,24,0,103,⚠️ Heavy traffic or long delay
2025-01-19,5,1,2,2,27.3,9.2,152,2025.0,1.0,1.0,9.0,,,,,,83.5,50.0,15.5,3,0,153,⚠️ Heavy traffic or long delay
2025-01-19,6,2,2,1,29.6,0.0,227,2025.0,1.0,1.0,9.0,,,,,,89.0,50.0,15.5,10,0,214,⚠️ Heavy traffic or long delay
2025-01-19,6,2,1,3,25.0,0.0,236,2025.0,1.0,1.0,9.0,,,,,,84.0,50.0,15.5,23,0,222,⚠️ Heavy traffic or long delay
2025-01-19,6,2,3,2,25.9,4.9,94,2025.0,1.0,1.0,9.0,,,,,,77.5,50.0,15.5,2,0,99,⚠️ Heavy traffic or long delay
2025-01-19,7,0,0,0,27.2,0.0,38,2025.0,1.0,1.0,9.0,,,,,,80.0,50.0,15.5,2,0,55,⚠️ Heavy traffic or long delay
2025-01-19,7,0,1,2,31.3,9.9,85,2025.0,1.0,1.0,9.0,,,,,,69.0,50.0,15.5,24,0,86,⚠️ Heavy traffic or long delay
2025-01-19,9,5,0,0,28.2,0.0,116,2025.0,1.0,1.0,9.0,,,,,,85.5,50.0,15.5,24,0,108,⚠️ Heavy traffic or long delay
2025-01-19,9,5,3,1,24.4,0.0,71,2025.0,1.0,1.0,9.0,,,,,,88.5,50.0,15.5,10,0,75,⚠️ Heavy traffic or long delay
2025-01-19,1,4,2,1,25.6,0.0,24,2025.0,1.0,1.0,9.0,,,,,,83.0,50.0,15.5,1,0,36,⚠️ Heavy traffic or long delay
2025-01-19,1,4,0,0,29.0,0.0,30,2025.0,1.0,1.0,9.0,,,,,,67.5,50.0,15.5,23,0,27,⚠️ Heavy traffic or long delay
2025-01-19,1,4,1,0,26.7,0.0,20,2025.0,1.0,1.0,9.0,,,,,,86.0,50.0,15.5,14,0,40,⚠️ Heavy traffic or long delay
2025-01-20,0,8,2,2,23.0,1.3,154,2025.0,1.0,1.0,9.0,,,,,,77.0,50.0,15.5,7,0,157,⚠️ Heavy traffic or long delay
2025-01-20,0,8,3,3,32.0,0.0,97,2025.0,1.0,1.0,9.0,,,,,,85.5,50.0,15.5,17,0,98,⚠️ Heavy traffic or long delay
2025-01-20,2,7,2,1,30.6,0.0,45,2025.0,1.0,1.0,9.0,,,,,,89.0,50.0,15.5,5,0,62,⚠️ Heavy traffic or long delay
2025-01-20,2,7,1,2,25.7,7.2,47,2025.0,1.0,1.0,9.0,,,,,,77.5,50.0,15.5,15,0,46,⚠️ Heavy traffic or long delay
2025-01-20,2,7,3,2,25.7,4.4,39,2025.0,1.0,1.0,9.0,,,,,,86.0,50.0,15.5,12,0,37,⚠️ Heavy traffic or long delay
2025-01-20,3,9,1,2,23.0,7.6,95,2025.0,1.0,1.0,9.0,,,,,,88.0,50.0,15.5,16,0,140,⚠️ Heavy traffic or long delay
2025-01-20,3,9,3,3,25.7,0.0,111,2025.0,1.0,1.0,9.0,,,,,,79.0,50.0,15.5,17,0,104,⚠️ Heavy traffic or long delay
2025-01-20,4,3,2,0,31.8,0.0,114,2025.0,1.0,1.0,9.0,,,,,,82.0,50.0,15.5,7,0,112,⚠️ Heavy traffic or long delay
2025-01-20,4,3,0,1,23.9,0.0,42,2025.0,1.0,1.0,9.0,,,,,,86.0,50.0,15.5,12,0,62,⚠️ Heavy traffic or long delay
2025-01-20,4,3,1,3,22.1,0.0,125,2025.0,1.0,1.0,9.0,,,,,,80.5,50.0,15.5,18,0,115,⚠️ Heavy traffic or long delay
2025-01-20,4,3,3,1,25.0,0.0,56,2025.0,1.0,1.0,9.0,,,,,,88.5,50.0,15.5,2,0,60,⚠️ Heavy traffic or long delay
2025-01-20,5,1,2,3,25.4,0.0,75,2025.0,1.0,1.0,9.0,,,,,,79.0,50.0,15.5,23,0,96,⚠️ Heavy traffic or long delay
2025-01-20,5,1,3,2,24.6,1.4,92,2025.0,1.0,1.0,9.0,,,,,,88.5,50.0,15.5,7,0,84,⚠️ Heavy traffic or long delay
2025-01-20,6,2,0,3,20.8,0.0,119,2025.0,1.0,1.0,9.0,,,,,,77.0,50.0,15.5,12,0,116,⚠️ Heavy traffic or long delay
2025-01-20,7,0,2,0,32.1,0.0,90,2025.0,1.0,1.0,9.0,,,,,,81.0,50.0,15.5,23,0,67,⚠️ Heavy traffic or long delay
2025-01-20,7,0,0,0,22.2,0.0,39,2025.0,1.0,1.0,9.0,,,,,,65.0,50.0,15.5,18,0,36,⚠️ Heavy traffic or long delay
2025-01-20,7,0,3,3,30.4,0.0,50,2025.0,1.0,1.0,9.0,,,,,,83.0,50.0,15.5,7,0,43,⚠️ Heavy traffic or long delay
2025-01-20,8,6,3,1,28.5,0.0,140,2025.0,1.0,1.0,9.0,,,,,,88.5,50.0,15.5,12,0,139,⚠️ Heavy traffic or long delay
2025-01-20,9,5,2,2,31.8,7.5,167,2025.0,1.0,1.0,9.0,,,,,,81.5,50.0,15.5,10,0,170,⚠️ Heavy traffic or long delay
2025-01-20,9,5,1,0,29.2,0.0,147,2025.0,1.0,1.0,9.0,,,,,,78.5,50.0,15.5,24,0,147,⚠️ Heavy traffic or long delay
2025-01-20,9,5,3,3,28.0,0.0,102,2025.0,1.0,1.0,9.0,,,,,,63.0,50.0,15.5,20,0,87,⚠️ Heavy traffic or long delay
2025-01-20,1,4,2,1,30.6,0.0,33,2025.0,1.0,1.0,9.0,,,,,,82.5,50.0,15.5,9,0,41,⚠️ Heavy traffic or long delay
2025-01-20,1,4,1,3,27.3,0.0,34,2025.0,1.0,1.0,9.0,,,,,,79.5,50.0,15.5,5,0,37,⚠️ Heavy traffic or long delay
2025-01-20,1,4,3,1,30.9,0.0,30,2025.0,1.0,1.0,9.0,,,,,,80.5,50.0,15.5,6,0,28,⚠️ Heavy traffic or long delay
2025-01-21,0,8,0,2,20.3,9.0,102,2025.0,1.0,1.0,9.0,,,,,,84.5,50.0,15.5,10,0,102,⚠️ Heavy traffic or long delay
2025-01-21,0,8,3,2,27.3,7.8,106,2025.0,1.0,1.0,9.0,,,,,,88.5,50.0,15.5,24,0,104,⚠️ Heavy traffic or long delay
2025-01-21,2,7,2,0,27.7,0.0,91,2025.0,1.0,1.0,9.0,,,,,,60.5,50.0,15.5,18,0,84,⚠️ Heavy traffic or long delay
2025-01-21,2,7,0,0,30.3,0.0,53,2025.0,1.0,1.0,9.0,,,,,,62.0,50.0,15.5,22,0,49,⚠️ Heavy traffic or long delay
2025-01-21,2,7,3,0,31.4,0.0,38,2025.0,1.0,1.0,9.0,,,,,,78.0,50.0,15.5,9,0,36,⚠️ Heavy traffic or long delay
2025-01-21,3,9,2,3,27.8,0.0,173,2025.0,1.0,1.0,9.0,,,,,,78.5,50.0,15.5,10,0,150,⚠️ Heavy traffic or long delay
2025-01-21,3,9,0,0,28.0,0.0,127,2025.0,1.0,1.0,9.0,,,,,,69.0,50.0,15.5,20,0,110,⚠️ Heavy traffic or long delay
2025-01-21,3,9,3,2,23.8,4.9,108,2025.0,1.0,1.0,9.0,,,,,,83.5,50.0,15.5,17,0,105,⚠️ Heavy traffic or long delay
2025-01-21,4,3,2,3,29.3,0.0,65,2025.0,1.0,1.0,9.0,,,,,,82.0,50.0,15.5,3,0,92,⚠️ Heavy traffic or long delay
2025-01-21,4,3,3,1,33.0,0.0,81,2025.0,1.0,1.0,9.0,,,,,,85.5,50.0,15.5,12,0,76,⚠️ Heavy traffic or long delay
2025-01-21,5,1,3,1,32.4,0.0,70,2025.0,1.0,1.0,9.0,,,,,,82.0,50.0,15.5,12,0,66,⚠️ Heavy traffic or long delay
2025-01-21,6,2,0,3,21.6,0.0,123,2025.0,1.0,1.0,9.0,,,,,,77.5,50.0,15.5,16,0,111,⚠️ Heavy traffic or long delay
2025-01-21,6,2,3,1,27.3,0.0,97,2025.0,1.0,1.0,9.0,,,,,,89.5,50.0,15.5,16,0,105,⚠️ Heavy traffic or long delay
2025-01-21,7,0,1,3,30.5,0.0,54,2025.0,1.0,1.0,9.0,,,,,,81.5,50.0,15.5,23,0,65,⚠️ Heavy traffic or long delay
2025-01-21,7,0,3,0,26.3,0.0,39,2025.0,1.0,1.0,9.0,,,,,,86.5,50.0,15.5,12,0,38,⚠️ Heavy traffic or long delay
2025-01-21,8,6,2,3,23.8,0.0,364,2025.0,1.0,1.0,9.0,,,,,,79.0,50.0,15.5,2,0,318,⚠️ Heavy traffic or long delay
2025-01-21,8,6,3,3,22.6,0.0,80,2025.0,1.0,1.0,9.0,,,,,,72.5,50.0,15.5,18,0,98,⚠️ Heavy traffic or long delay
2025-01-21,9,5,0,3,23.9,0.0,78,2025.0,1.0,1.0,9.0,,,,,,79.0,50.0,15.5,9,0,93,⚠️ Heavy traffic or long delay
2025-01-21,9,5,3,0,28.2,0.0,82,2025.0,1.0,1.0,9.0,,,,,,82.0,50.0,15.5,1,0,83,⚠️ Heavy traffic or long delay
2025-01-21,1,4,0,1,24.2,0.0,28,2025.0,1.0,1.0,9.0,,,,,,84.5,50.0,15.5,4,0,30,⚠️ Heavy traffic or long delay
2025-01-21,1,4,1,0,25.0,0.0,24,2025.0,1.0,1.0,9.0,,,,,,73.5,50.0,15.5,21,0,60,⚠️ Heavy traffic or long delay
2025-01-21,1,4,3,3,23.8,0.0,18,2025.0,1.0,1.0,9.0,,,,,,88.5,50.0,15.5,3,0,23,⚠️ Heavy traffic or long delay
2025-01-22,0,8,2,1,27.8,0.0,181,2025.0,1.0,1.0,9.0,,,,,,69.5,50.0,15.5,19,0,172,⚠️ Heavy traffic or long delay
2025-01-22,0,8,1,1,25.4,0.0,130,2025.0,1.0,1.0,9.0,,,,,,63.5,50.0,15.5,17,0,154,⚠️ Heavy traffic or long delay
2025-01-22,0,8,3,0,20.1,0.0,102,2025.0,1.0,1.0,9.0,,,,,,80.0,50.0,15.5,3,0,99,⚠️ Heavy traffic or long delay
2025-01-22,2,7,2,1,24.0,0.0,86,2025.0,1.0,1.0,9.0,,,,,,79.0,50.0,15.5,16,0,78,⚠️ Heavy traffic or long delay
2025-01-22,2,7,1,3,24.8,0.0,70,2025.0,1.0,1.0,9.0,,,,,,61.0,50.0,15.5,21,0,66,⚠️ Heavy traffic or long delay
2025-01-22,2,7,3,3,25.0,0.0,31,2025.0,1.0,1.0,9.0,,,,,,66.0,50.0,15.5,16,0,25,⚠️ Heavy traffic or long delay
2025-01-22,3,9,0,1,21.2,0.0,121,2025.0,1.0,1.0,9.0,,,,,,88.0,50.0,15.5,21,0,91,⚠️ Heavy traffic or long delay
2025-01-22,3,9,1,1,28.4,0.0,99,2025.0,1.0,1.0,9.0,,,,,,89.5,50.0,15.5,0,0,125,⚠️ Heavy traffic or long delay
2025-01-22,3,9,3,3,26.5,0.0,42,2025.0,1.0,1.0,9.0,,,,,,84.0,50.0,15.5,21,0,44,⚠️ Heavy traffic or long delay
2025-01-22,4,3,2,0,32.7,0.0,82,2025.0,1.0,1.0,9.0,,,,,,72.0,50.0,15.5,23,0,88,⚠️ Heavy traffic or long delay
2025-01-22,4,3,0,2,30.6,7.4,72,2025.0,1.0,1.0,9.0,,,,,,87.5,50.0,15.5,17,0,73,⚠️ Heavy traffic or long delay
2025-01-22,4,3,1,0,30.5,0.0,113,2025.0,1.0,1.0,9.0,,,,,,76.0,50.0,15.5,17,0,100,⚠️ Heavy traffic or long delay
2025-01-22,4,3,3,2,24.2,2.3,48,2025.0,1.0,1.0,9.0,,,,,,78.5,50.0,15.5,13,0,55,⚠️ Heavy traffic or long delay
2025-01-22,5,1,2,1,25.4,0.0,185,2025.0,1.0,1.0,9.0,,,,,,86.0,50.0,15.5,14,0,145,⚠️ Heavy traffic or long delay
2025-01-22,5,1,1,0,25.3,0.0,163,2025.0,1.0,1.0,9.0,,,,,,88.5,50.0,15.5,3,0,153,⚠️ Heavy traffic or long delay
2025-01-22,5,1,3,0,29.6,0.0,99,2025.0,1.0,1.0,9.0,,,,,,81.5,50.0,15.5,2,0,95,⚠️ Heavy traffic or long delay
2025-01-22,6,2,2,1,24.3,0.0,145,2025.0,1.0,1.0,9.0,,,,,,82.0,50.0,15.5,19,0,166,⚠️ Heavy traffic or long delay
2025-01-22,6,2,0,2,30.9,0.9,106,2025.0,1.0,1.0,9.0,,,,,,75.5,50.0,15.5,11,0,116,⚠️ Heavy traffic or long delay
2025-01-22,6,2,1,1,25.4,0.0,212,2025.0,1.0,1.0,9.0,,,,,,82.0,50.0,15.5,6,0,216,⚠️ Heavy traffic or long delay
2025-01-22,6,2,3,1,30.0,0.0,139,2025.0,1.0,1.0,9.0,,,,,,83.0,50.0,15.5,10,0,124,⚠️ Heavy traffic or long delay
2025-01-22,7,0,1,3,30.3,0.0,94,2025.0,1.0,1.0,9.0,,,,,,86.5,50.0,15.5,14,0,84,⚠️ Heavy traffic or long delay
2025-01-22,8,6,2,3,28.4,0.0,296,2025.0,1.0,1.0,9.0,,,,,,65.0,50.0,15.5,18,0,277,⚠️ Heavy traffic or long delay
2025-01-22,8,6,0,0,23.9,0.0,189,2025.0,1.0,1.0,9.0,,,,,,89.5,50.0,15.5,10,0,190,⚠️ Heavy traffic or long delay
2025-01-22,8,6,1,1,27.6,0.0,210,2025.0,1.0,1.0,9.0,,,,,,78.0,50.0,15.5,22,0,223,⚠️ Heavy traffic or long delay
2025-01-22,8,6,3,1,29.2,0.0,152,2025.0,1.0,1.0,9.0,,,,,,77.5,50.0,15.5,1,0,154,⚠️ Heavy traffic or long delay
2025-01-22,9,5,2,2,30.0,9.7,131,2025.0,1.0,1.0,9.0,,,,,,77.0,50.0,15.5,13,0,132,⚠️ Heavy traffic or long delay
2025-01-22,9,5,3,0,23.9,0.0,83,2025.0,1.0,1.0,9.0,,,,,,88.0,50.0,15.5,16,0,81,⚠️ Heavy traffic or long delay
2025-01-22,1,4,0,0,24.5,0.0,35,2025.0,1.0,1.0,9.0,,,,,,83.0,50.0,15.5,12,0,32,⚠️ Heavy traffic or long delay
2025-01-22,1,4,1,0,30.0,0.0,49,2025.0,1.0,1.0,9.0,,,,,,80.0,50.0,15.5,8,0,46,⚠️ Heavy traffic or long delay
2025-01-22,1,4,3,1,31.0,0.0,20,2025.0,1.0,1.0,9.0,,,,,,84.0,50.0,15.5,6,0,20,⚠️ Heavy traffic or long delay
2025-01-23,0,8,0,1,21.5,0.0,132,2025.0,1.0,1.0,9.0,,,,,,67.0,50.0,15.5,22,0,96,⚠️ Heavy traffic or long delay
2025-01-23,0,8,3,0,20.0,0.0,121,2025.0,1.0,1.0,9.0,,,,,,60.0,50.0,15.5,19,0,88,⚠️ Heavy traffic or long delay
2025-01-23,2,7,2,0,25.4,0.0,39,2025.0,1.0,1.0,9.0,,,,,,86.0,50.0,15.5,1,0,49,⚠️ Heavy traffic or long delay
2025-01-23,2,7,0,2,21.1,4.4,44,2025.0,1.0,1.0,9.0,,,,,,86.5,50.0,15.5,14,0,69,⚠️ Heavy traffic or long delay
2025-01-23,2,7,1,3,32.1,0.0,52,2025.0,1.0,1.0,9.0,,,,,,86.5,50.0,15.5,13,0,52,⚠️ Heavy traffic or long delay
2025-01-23,2,7,3,0,21.6,0.0,28,2025.0,1.0,1.0,9.0,,,,,,61.0,50.0,15.5,19,0,46,⚠️ Heavy traffic or long delay
2025-01-23,3,9,2,2,32.8,9.2,163,2025.0,1.0,1.0,9.0,,,,,,67.5,50.0,15.5,21,0,162,⚠️ Heavy traffic or long delay
2025-01-23,3,9,1,0,29.4,0.0,91,2025.0,1.0,1.0,9.0,,,,,,88.0,50.0,15.5,2,0,100,⚠️ Heavy traffic or long delay
2025-01-23,3,9,3,0,31.8,0.0,103,2025.0,1.0,1.0,9.0,,,,,,65.0,50.0,15.5,16,0,101,⚠️ Heavy traffic or long delay
2025-01-23,4,3,0,0,22.9,0.0,84,2025.0,1.0,1.0,9.0,,,,,,64.5,50.0,15.5,23,0,59,⚠️ Heavy traffic or long delay
2025-01-23,4,3,1,0,28.2,0.0,122,2025.0,1.0,1.0,9.0,,,,,,75.5,50.0,15.5,20,0,101,⚠️ Heavy traffic or long delay
2025-01-23,5,1,0,0,30.7,0.0,76,2025.0,1.0,1.0,9.0,,,,,,78.5,50.0,15.5,4,0,88,⚠️ Heavy traffic or long delay
2025-01-23,5,1,1,3,25.0,0.0,105,2025.0,1.0,1.0,9.0,,,,,,65.5,50.0,15.5,19,0,148,⚠️ Heavy traffic or long delay
2025-01-23,6,2,2,0,25.6,0.0,253,2025.0,1.0,1.0,9.0,,,,,,73.5,50.0,15.5,18,0,233,⚠️ Heavy traffic or long delay
2025-01-23,6,2,0,3,23.9,0.0,163,2025.0,1.0,1.0,9.0,,,,,,86.0,50.0,15.5,24,0,133,⚠️ Heavy traffic or long delay
2025-01-23,6,2,3,1,22.6,0.0,89,2025.0,1.0,1.0,9.0,,,,,,88.5,50.0,15.5,2,0,83,⚠️ Heavy traffic or long delay
2025-01-23,7,0,0,0,25.9,0.0,48,2025.0,1.0,1.0,9.0,,,,,,77.5,50.0,15.5,5,0,40,⚠️ Heavy traffic or long delay
2025-01-23,8,6,2,2,25.6,4.9,285,2025.0,1.0,1.0,9.0,,,,,,88.5,50.0,15.5,2,0,358,⚠️ Heavy traffic or long delay
2025-01-23,8,6,0,0,30.7,0.0,136,2025.0,1.0,1.0,9.0,,,,,,89.5,50.0,15.5,16,0,221,⚠️ Heavy traffic or long delay
2025-01-23,8,6,1,1,29.8,0.0,204,2025.0,1.0,1.0,9.0,,,,,,84.5,50.0,15.5,24,0,207,⚠️ Heavy traffic or long delay
2025-01-23,8,6,3,2,27.2,7.8,165,2025.0,1.0,1.0,9.0,,,,,,73.5,50.0,15.5,23,0,169,⚠️ Heavy traffic or long delay
2025-01-23,9,5,0,1,22.5,0.0,116,2025.0,1.0,1.0,9.0,,,,,,78.0,50.0,15.5,17,0,113,⚠️ Heavy traffic or long delay
2025-01-23,9,5,1,1,29.9,0.0,97,2025.0,1.0,1.0,9.0,,,,,,80.0,50.0,15.5,14,0,104,⚠️ Heavy traffic or long delay
2025-01-23,9,5,3,1,25.6,0.0,93,2025.0,1.0,1.0,9.0,,,,,,77.5,50.0,15.5,11,0,93,⚠️ Heavy traffic or long delay
2025-01-23,1,4,0,0,30.1,0.0,41,2025.0,1.0,1.0,9.0,,,,,,86.5,50.0,15.5,7,0,35,⚠️ Heavy traffic or long delay
2025-01-23,1,4,3,2,27.3,5.2,34,2025.0,1.0,1.0,9.0,,,,,,64.0,50.0,15.5,24,0,31,⚠️ Heavy traffic or long delay
2025-01-24,0,8,2,1,30.4,0.0,142,2025.0,1.0,1.0,9.0,,,,,,76.0,50.0,15.5,16,0,144,⚠️ Heavy traffic or long delay
2025-01-24,0,8,0,0,28.7,0.0,130,2025.0,1.0,1.0,9.0,,,,,,86.0,50.0,15.5,20,0,125,⚠️ Heavy traffic or long delay
2025-01-24,2,7,0,2,21.9,7.0,37,2025.0,1.0,1.0,9.0,,,,,,83.5,50.0,15.5,17,0,58,⚠️ Heavy traffic or long delay
2025-01-24,2,7,1,2,21.6,2.3,97,2025.0,1.0,1.0,9.0,,,,,,74.0,50.0,15.5,19,0,93,⚠️ Heavy traffic or long delay
2025-01-24,3,9,2,2,24.8,2.9,252,2025.0,1.0,1.0,9.0,,,,,,82.5,50.0,15.5,2,0,240,⚠️ Heavy traffic or long delay
2025-01-24,3,9,0,1,32.6,0.0,65,2025.0,1.0,1.0,9.0,,,,,,77.0,50.0,15.5,11,0,66,⚠️ Heavy traffic or long delay
2025-01-24,3,9,1,3,21.5,0.0,171,2025.0,1.0,1.0,9.0,,,,,,62.5,50.0,15.5,20,0,154,⚠️ Heavy traffic or long delay
2025-01-24,3,9,3,0,27.9,0.0,72,2025.0,1.0,1.0,9.0,,,,,,68.5,50.0,15.5,23,0,74,⚠️ Heavy traffic or long delay
2025-01-24,4,3,2,1,31.9,0.0,108,2025.0,1.0,1.0,9.0,,,,,,85.0,50.0,15.5,2,0,109,⚠️ Heavy traffic or long delay
2025-01-24,4,3,0,3,29.9,0.0,67,2025.0,1.0,1.0,9.0,,,,,,62.0,50.0,15.5,19,0,66,⚠️ Heavy traffic or long delay
2025-01-24,4,3,1,2,21.3,7.8,81,2025.0,1.0,1.0,9.0,,,,,,83.0,50.0,15.5,13,0,120,⚠️ Heavy traffic or long delay
2025-01-24,5,1,2,0,33.0,0.0,157,2025.0,1.0,1.0,9.0,,,,,,60.5,50.0,15.5,24,0,138,⚠️ Heavy traffic or long delay
2025-01-24,5,1,1,3,27.3,0.0,157,2025.0,1.0,1.0,9.0,,,,,,87.5,50.0,15.5,6,0,147,⚠️ Heavy traffic or long delay
2025-01-24,5,1,3,1,32.1,0.0,46,2025.0,1.0,1.0,9.0,,,,,,74.5,50.0,15.5,16,0,49,⚠️ Heavy traffic or long delay
2025-01-24,6,2,2,3,27.5,0.0,219,2025.0,1.0,1.0,9.0,,,,,,84.5,50.0,15.5,11,0,213,⚠️ Heavy traffic or long delay
2025-01-24,6,2,0,0,27.2,0.0,164,2025.0,1.0,1.0,9.0,,,,,,89.0,50.0,15.5,19,0,151,⚠️ Heavy traffic or long delay
2025-01-24,6,2,1,0,21.6,0.0,184,2025.0,1.0,1.0,9.0,,,,,,82.0,50.0,15.5,3,0,131,⚠️ Heavy traffic or long delay
2025-01-24,7,0,2,2,27.0,1.7,74,2025.0,1.0,1.0,9.0,,,,,,87.0,50.0,15.5,5,0,79,⚠️ Heavy traffic or long delay
2025-01-24,7,0,0,1,32.6,0.0,35,2025.0,1.0,1.0,9.0,,,,,,87.5,50.0,15.5,15,0,41,⚠️ Heavy traffic or long delay
2025-01-24,7,0,1,1,22.3,0.0,81,2025.0,1.0,1.0,9.0,,,,,,76.0,50.0,15.5,24,0,67,⚠️ Heavy traffic or long delay
2025-01-24,7,0,3,3,30.1,0.0,29,2025.0,1.0,1.0,9.0,,,,,,86.5,50.0,15.5,21,0,32,⚠️ Heavy traffic or long delay
2025-01-24,8,6,2,0,29.0,0.0,213,2025.0,1.0,1.0,9.0,,,,,,60.0,50.0,15.5,21,0,235,⚠️ Heavy traffic or long delay
2025-01-24,8,6,0,2,23.8,6.9,220,2025.0,1.0,1.0,9.0,,,,,,68.5,50.0,15.5,20,0,219,⚠️ Heavy traffic or long delay
2025-01-24,8,6,1,0,20.3,0.0,213,2025.0,1.0,1.0,9.0,,,,,,75.5,50.0,15.5,20,0,222,⚠️ Heavy traffic or long delay
2025-01-24,8,6,3,3,21.5,0.0,153,2025.0,1.0,1.0,9.0,,,,,,83.0,50.0,15.5,1,0,150,⚠️ Heavy traffic or long delay
2025-01-24,9,5,2,1,24.3,0.0,204,2025.0,1.0,1.0,9.0,,,,,,84.0,50.0,15.5,23,0,180,⚠️ Heavy traffic or long delay
2025-01-24,1,4,2,3,31.4,0.0,58,2025.0,1.0,1.0,9.0,,,,,,72.0,50.0,15.5,16,0,44,⚠️ Heavy traffic or long delay
2025-01-24,1,4,1,0,27.5,0.0,45,2025.0,1.0,1.0,9.0,,,,,,89.0,50.0,15.5,20,0,46,⚠️ Heavy traffic or long delay
2025-01-24,1,4,3,0,27.3,0.0,19,2025.0,1.0,1.0,9.0,,,,,,73.0,50.0,15.5,17,0,20,⚠️ Heavy traffic or long delay
2025-01-25,0,8,2,2,30.3,1.4,280,2025.0,1.0,1.0,9.0,,,,,,84.0,50.0,15.5,17,0,265,⚠️ Heavy traffic or long delay
2025-01-25,0,8,1,0,27.7,0.0,150,2025.0,1.0,1.0,9.0,,,,,,76.0,50.0,15.5,14,0,159,⚠️ Heavy traffic or long delay
2025-01-25,0,8,3,2,20.9,6.1,74,2025.0,1.0,1.0,9.0,,,,,,76.5,50.0,15.5,5,0,74,⚠️ Heavy traffic or long delay
2025-01-25,2,7,2,1,25.6,0.0,57,2025.0,1.0,1.0,9.0,,,,,,80.0,50.0,15.5,10,0,59,⚠️ Heavy traffic or long delay
2025-01-25,2,7,0,3,28.3,0.0,28,2025.0,1.0,1.0,9.0,,,,,,77.0,50.0,15.5,12,0,38,⚠️ Heavy traffic or long delay
2025-01-25,2,7,1,1,26.1,0.0,34,2025.0,1.0,1.0,9.0,,,,,,60.0,50.0,15.5,24,0,58,⚠️ Heavy traffic or long delay
2025-01-25,3,9,2,0,25.9,0.0,155,2025.0,1.0,1.0,9.0,,,,,,83.5,50.0,15.5,5,0,146,⚠️ Heavy traffic or long delay
2025-01-25,3,9,0,0,31.2,0.0,100,2025.0,1.0,1.0,9.0,,,,,,87.0,50.0,15.5,8,0,99,⚠️ Heavy traffic or long delay
2025-01-25,4,3,2,1,23.1,0.0,135,2025.0,1.0,1.0,9.0,,,,,,68.0,50.0,15.5,21,0,120,⚠️ Heavy traffic or long delay
2025-01-25,4,3,0,2,24.9,9.4,116,2025.0,1.0,1.0,9.0,,,,,,62.0,50.0,15.5,18,0,87,⚠️ Heavy traffic or long delay
2025-01-25,4,3,1,3,31.0,0.0,47,2025.0,1.0,1.0,9.0,,,,,,75.0,50.0,15.5,23,0,86,⚠️ Heavy traffic or long delay
2025-01-25,5,1,2,2,22.5,0.4,218,2025.0,1.0,1.0,9.0,,,,,,78.5,50.0,15.5,16,0,201,⚠️ Heavy traffic or long delay
2025-01-25,5,1,1,2,29.8,7.8,176,2025.0,1.0,1.0,9.0,,,,,,86.0,50.0,15.5,24,0,171,⚠️ Heavy traffic or long delay
2025-01-25,6,2,2,3,20.6,0.0,114,2025.0,1.0,1.0,9.0,,,,,,78.0,50.0,15.5,14,0,125,⚠️ Heavy traffic or long delay
2025-01-25,6,2,0,3,31.7,0.0,150,2025.0,1.0,1.0,9.0,,,,,,86.0,50.0,15.5,15,0,147,⚠️ Heavy traffic or long delay
2025-01-25,6,2,1,1,21.5,0.0,156,2025.0,1.0,1.0,9.0,,,,,,78.0,50.0,15.5,21,0,154,⚠️ Heavy traffic or long delay
2025-01-25,6,2,3,2,24.2,5.5,85,2025.0,1.0,1.0,9.0,,,,,,64.5,50.0,15.5,21,0,88,⚠️ Heavy traffic or long delay
2025-01-25,7,0,2,1,27.3,0.0,57,2025.0,1.0,1.0,9.0,,,,,,64.5,50.0,15.5,19,0,83,⚠️ Heavy traffic or long delay
2025-01-25,8,6,2,0,21.5,0.0,297,2025.0,1.0,1.0,9.0,,,,,,66.5,50.0,15.5,17,0,242,⚠️ Heavy traffic or long delay
2025-01-25,8,6,1,2,26.1,2.5,230,2025.0,1.0,1.0,9.0,,,,,,82.5,50.0,15.5,1,0,236,⚠️ Heavy traffic or long delay
2025-01-25,9,5,2,2,32.9,3.0,239,2025.0,1.0,1.0,9.0,,,,,,85.0,50.0,15.5,0,0,233,⚠️ Heavy traffic or long delay
2025-01-25,9,5,0,0,26.7,0.0,73,2025.0,1.0,1.0,9.0,,,,,,82.0,50.0,15.5,8,0,93,⚠️ Heavy traffic or long delay
2025-01-25,1,4,0,3,29.3,0.0,38,2025.0,1.0,1.0,9.0,,,,,,84.0,50.0,15.5,19,0,25,⚠️ Heavy traffic or long delay
2025-01-25,1,4,1,1,24.8,0.0,41,2025.0,1.0,1.0,9.0,,,,,,79.5,50.0,15.5,21,0,44,⚠️ Heavy traffic or long delay
2025-01-25,1,4,3,1,22.4,0.0,26,2025.0,1.0,1.0,9.0,,,,,,75.5,50.0,15.5,6,0,20,⚠️ Heavy traffic or long delay
2025-01-26,0,8,2,3,27.0,0.0,212,2025.0,1.0,1.0,9.0,,,,,,76.5,50.0,15.5,1,0,203,⚠️ Heavy traffic or long delay
2025-01-26,2,7,2,3,20.1,0.0,80,2025.0,1.0,1.0,9.0,,,,,,79.0,50.0,15.5,17,0,78,⚠️ Heavy traffic or long delay
2025-01-26,2,7,1,3,30.3,0.0,58,2025.0,1.0,1.0,9.0,,,,,,88.5,50.0,15.5,1,0,67,⚠️ Heavy traffic or long delay
2025-01-26,2,7,3,3,27.0,0.0,43,2025.0,1.0,1.0,9.0,,,,,,76.5,50.0,15.5,9,0,22,⚠️ Heavy traffic or long delay
2025-01-26,3,9,2,2,27.9,1.4,180,2025.0,1.0,1.0,9.0,,,,,,86.5,50.0,15.5,22,0,183,⚠️ Heavy traffic or long delay
2025-01-26,3,9,0,2,21.2,0.5,102,2025.0,1.0,1.0,9.0,,,,,,86.5,50.0,15.5,11,0,100,⚠️ Heavy traffic or long delay
2025-01-26,3,9,1,0,27.1,0.0,137,2025.0,1.0,1.0,9.0,,,,,,61.0,50.0,15.5,16,0,140,⚠️ Heavy traffic or long delay
2025-01-26,3,9,3,2,26.0,0.3,132,2025.0,1.0,1.0,9.0,,,,,,89.0,50.0,15.5,7,0,111,⚠️ Heavy traffic or long delay
2025-01-26,4,3,2,3,26.2,0.0,121,2025.0,1.0,1.0,9.0,,,,,,84.5,50.0,15.5,10,0,98,⚠️ Heavy traffic or long delay
2025-01-26,4,3,3,3,26.0,0.0,63,2025.0,1.0,1.0,9.0,,,,,,86.5,50.0,15.5,8,0,64,⚠️ Heavy traffic or long delay
2025-01-26,5,1,2,0,30.8,0.0,168,2025.0,1.0,1.0,9.0,,,,,,81.5,50.0,15.5,5,0,154,⚠️ Heavy traffic or long delay
2025-01-26,6,2,2,3,30.7,0.0,128,2025.0,1.0,1.0,9.0,,,,,,89.0,50.0,15.5,17,0,176,⚠️ Heavy traffic or long delay
2025-01-26,6,2,0,0,21.7,0.0,83,2025.0,1.0,1.0,9.0,,,,,,88.0,50.0,15.5,11,0,95,⚠️ Heavy traffic or long delay
2025-01-26,6,2,3,0,22.1,0.0,67,2025.0,1.0,1.0,9.0,,,,,,83.5,50.0,15.5,7,0,72,⚠️ Heavy traffic or long delay
2025-01-26,7,0,2,0,31.4,0.0,40,2025.0,1.0,1.0,9.0,,,,,,83.0,50.0,15.5,17,0,92,⚠️ Heavy traffic or long delay
2025-01-26,7,0,0,3,27.7,0.0,29,2025.0,1.0,1.0,9.0,,,,,,71.0,50.0,15.5,19,0,35,⚠️ Heavy traffic or long delay
2025-01-26,7,0,3,1,20.0,0.0,38,2025.0,1.0,1.0,9.0,,,,,,78.0,50.0,15.5,6,0,39,⚠️ Heavy traffic or long delay
2025-01-26,8,6,0,1,22.6,0.0,236,2025.0,1.0,1.0,9.0,,,,,,66.5,50.0,15.5,19,0,214,⚠️ Heavy traffic or long delay
2025-01-26,9,5,2,0,26.4,0.0,206,2025.0,1.0,1.0,9.0,,,,,,85.0,50.0,15.5,5,0,196,⚠️ Heavy traffic or long delay
2025-01-26,9,5,0,2,30.2,4.3,170,2025.0,1.0,1.0,9.0,,,,,,79.0,50.0,15.5,21,0,168,⚠️ Heavy traffic or long delay
2025-01-26,9,5,1,3,23.1,0.0,144,2025.0,1.0,1.0,9.0,,,,,,78.5,50.0,15.5,2,0,141,⚠️ Heavy traffic or long delay
2025-01-26,9,5,3,3,20.4,0.0,65,2025.0,1.0,1.0,9.0,,,,,,89.5,50.0,15.5,8,0,64,⚠️ Heavy traffic or long delay
2025-01-26,1,4,2,1,23.0,0.0,63,2025.0,1.0,1.0,9.0,,,,,,76.5,50.0,15.5,9,0,53,⚠️ Heavy traffic or long delay
2025-01-26,1,4,0,3,32.1,0.0,9,2025.0,1.0,1.0,9.0,,,,,,78.5,50.0,15.5,13,0,25,⚠️ Heavy traffic or long delay
2025-01-26,1,4,1,1,30.8,0.0,34,2025.0,1.0,1.0,9.0,,,,,,84.5,50.0,15.5,10,0,43,⚠️ Heavy traffic or long delay
2025-01-26,1,4,3,1,30.6,0.0,16,2025.0,1.0,1.0,9.0,,,,,,76.5,50.0,15.5,17,0,20,⚠️ Heavy traffic or long delay
2025-01-27,0,8,2,3,31.2,0.0,184,2025.0,1.0,1.0,9.0,,,,,,68.5,50.0,15.5,21,0,178,⚠️ Heavy traffic or long delay
2025-01-27,0,8,1,2,20.1,9.9,150,2025.0,1.0,1.0,9.0,,,,,,67.0,50.0,15.5,22,0,150,⚠️ Heavy traffic or long delay
2025-01-27,2,7,2,1,24.9,0.0,69,2025.0,1.0,1.0,9.0,,,,,,85.0,50.0,15.5,12,0,69,⚠️ Heavy traffic or long delay
2025-01-27,2,7,0,1,24.9,0.0,33,2025.0,1.0,1.0,9.0,,,,,,76.5,50.0,15.5,24,0,43,⚠️ Heavy traffic or long delay
2025-01-27,2,7,1,2,27.9,1.2,88,2025.0,1.0,1.0,9.0,,,,,,85.5,50.0,15.5,12,0,82,⚠️ Heavy traffic or long delay
2025-01-27,2,7,3,0,29.3,0.0,53,2025.0,1.0,1.0,9.0,,,,,,88.0,50.0,15.5,18,0,51,⚠️ Heavy traffic or long delay
2025-01-27,3,9,2,1,20.2,0.0,154,2025.0,1.0,1.0,9.0,,,,,,78.5,50.0,15.5,18,0,151,⚠️ Heavy traffic or long delay
2025-01-27,3,9,0,0,24.9,0.0,110,2025.0,1.0,1.0,9.0,,,,,,76.0,50.0,15.5,22,0,107,⚠️ Heavy traffic or long delay
2025-01-27,4,3,2,2,29.5,4.5,152,2025.0,1.0,1.0,9.0,,,,,,89.5,50.0,15.5,12,0,141,⚠️ Heavy traffic or long delay
2025-01-27,4,3,1,3,24.4,0.0,121,2025.0,1.0,1.0,9.0,,,,,,87.0,50.0,15.5,22,0,93,⚠️ Heavy traffic or long delay
2025-01-27,4,3,3,0,32.0,0.0,75,2025.0,1.0,1.0,9.0,,,,,,80.5,50.0,15.5,20,0,75,⚠️ Heavy traffic or long delay
2025-01-27,5,1,2,1,27.8,0.0,132,2025.0,1.0,1.0,9.0,,,,,,85.0,50.0,15.5,22,0,140,⚠️ Heavy traffic or long delay
2025-01-27,5,1,0,2,30.6,9.4,133,2025.0,1.0,1.0,9.0,,,,,,68.0,50.0,15.5,18,0,129,⚠️ Heavy traffic or long delay
2025-01-27,5,1,3,2,30.6,2.7,56,2025.0,1.0,1.0,9.0,,,,,,74.0,50.0,15.5,17,0,54,⚠️ Heavy traffic or long delay
2025-01-27,6,2,0,2,28.6,6.9,190,2025.0,1.0,1.0,9.0,,,,,,64.5,50.0,15.5,17,0,181,⚠️ Heavy traffic or long delay
2025-01-27,6,2,1,3,28.9,0.0,166,2025.0,1.0,1.0,9.0,,,,,,87.5,50.0,15.5,18,0,184,⚠️ Heavy traffic or long delay
2025-01-27,6,2,3,3,30.3,0.0,118,2025.0,1.0,1.0,9.0,,,,,,68.0,50.0,15.5,21,0,125,⚠️ Heavy traffic or long delay
2025-01-27,7,0,0,3,21.2,0.0,56,2025.0,1.0,1.0,9.0,,,,,,68.0,50.0,15.5,23,0,49,⚠️ Heavy traffic or long delay
2025-01-27,7,0,1,2,28.1,3.9,62,2025.0,1.0,1.0,9.0,,,,,,89.5,50.0,15.5,8,0,79,⚠️ Heavy traffic or long delay
2025-01-27,8,6,0,1,24.5,0.0,171,2025.0,1.0,1.0,9.0,,,,,,62.0,50.0,15.5,18,0,212,⚠️ Heavy traffic or long delay
2025-01-27,8,6,1,1,22.1,0.0,214,2025.0,1.0,1.0,9.0,,,,,,76.5,50.0,15.5,2,0,229,⚠️ Heavy traffic or long delay
2025-01-27,8,6,3,3,20.3,0.0,103,2025.0,1.0,1.0,9.0,,,,,,62.5,50.0,15.5,21,0,107,⚠️ Heavy traffic or long delay
2025-01-27,9,5,2,1,23.4,0.0,211,2025.0,1.0,1.0,9.0,,,,,,86.0,50.0,15.5,14,0,157,⚠️ Heavy traffic or long delay
2025-01-27,9,5,3,2,20.6,3.9,118,2025.0,1.0,1.0,9.0,,,,,,81.0,50.0,15.5,11,0,116,⚠️ Heavy traffic or long delay
2025-01-27,1,4,2,0,23.4,0.0,57,2025.0,1.0,1.0,9.0,,,,,,81.0,50.0,15.5,16,0,52,⚠️ Heavy traffic or long delay
2025-01-27,1,4,0,3,25.8,0.0,16,2025.0,1.0,1.0,9.0,,,,,,83.5,50.0,15.5,20,0,24,⚠️ Heavy traffic or long delay
2025-01-27,1,4,1,0,29.9,0.0,49,2025.0,1.0,1.0,9.0,,,,,,65.0,50.0,15.5,23,0,47,⚠️ Heavy traffic or long delay
2025-01-27,1,4,3,0,25.8,0.0,29,2025.0,1.0,1.0,9.0,,,,,,85.0,50.0,15.5,19,0,29,⚠️ Heavy traffic or long delay
2025-01-28,0,8,2,2,25.8,2.0,274,2025.0,1.0,1.0,9.0,,,,,,83.0,50.0,15.5,4,0,261,⚠️ Heavy traffic or long delay
2025-01-28,0,8,0,3,26.5,0.0,135,2025.0,1.0,1.0,9.0,,,,,,88.0,50.0,15.5,3,0,135,⚠️ Heavy traffic or long delay
2025-01-28,0,8,3,2,25.5,9.2,82,2025.0,1.0,1.0,9.0,,,,,,87.0,50.0,15.5,19,0,81,⚠️ Heavy traffic or long delay
2025-01-28,2,7,2,0,26.5,0.0,82,2025.0,1.0,1.0,9.0,,,,,,67.5,50.0,15.5,23,0,70,⚠️ Heavy traffic or long delay
2025-01-28,2,7,0,3,32.9,0.0,43,2025.0,1.0,1.0,9.0,,,,,,75.0,50.0,15.5,17,0,45,⚠️ Heavy traffic or long delay
2025-01-28,2,7,1,1,21.8,0.0,33,2025.0,1.0,1.0,9.0,,,,,,65.0,50.0,15.5,16,0,44,⚠️ Heavy traffic or long delay
2025-01-28,2,7,3,0,25.7,0.0,32,2025.0,1.0,1.0,9.0,,,,,,86.5,50.0,15.5,18,0,33,⚠️ Heavy traffic or long delay
2025-01-28,3,9,1,1,26.1,0.0,153,2025.0,1.0,1.0,9.0,,,,,,61.5,50.0,15.5,20,0,137,⚠️ Heavy traffic or long delay
2025-01-28,3,9,3,0,29.6,0.0,84,2025.0,1.0,1.0,9.0,,,,,,79.5,50.0,15.5,1,0,87,⚠️ Heavy traffic or long delay
2025-01-28,4,3,0,2,28.7,0.7,90,2025.0,1.0,1.0,9.0,,,,,,87.5,50.0,15.5,1,0,90,⚠️ Heavy traffic or long delay
2025-01-28,5,1,2,2,24.5,4.9,122,2025.0,1.0,1.0,9.0,,,,,,75.5,50.0,15.5,3,0,125,⚠️ Heavy traffic or long delay
2025-01-28,6,2,2,1,21.9,0.0,148,2025.0,1.0,1.0,9.0,,,,,,75.5,50.0,15.5,18,0,148,⚠️ Heavy traffic or long delay
2025-01-28,6,2,0,2,22.9,5.9,211,2025.0,1.0,1.0,9.0,,,,,,84.5,50.0,15.5,18,0,141,⚠️ Heavy traffic or long delay
2025-01-28,6,2,1,1,25.2,0.0,236,2025.0,1.0,1.0,9.0,,,,,,88.5,50.0,15.5,21,0,222,⚠️ Heavy traffic or long delay
2025-01-28,6,2,3,3,28.9,0.0,105,2025.0,1.0,1.0,9.0,,,,,,85.0,50.0,15.5,11,0,108,⚠️ Heavy traffic or long delay
2025-01-28,7,0,1,0,28.7,0.0,41,2025.0,1.0,1.0,9.0,,,,,,62.0,50.0,15.5,17,0,48,⚠️ Heavy traffic or long delay
2025-01-28,8,6,2,2,31.5,7.1,349,2025.0,1.0,1.0,9.0,,,,,,73.5,50.0,15.5,20,0,259,⚠️ Heavy traffic or long delay
2025-01-28,8,6,0,0,20.5,0.0,150,2025.0,1.0,1.0,9.0,,,,,,80.5,50.0,15.5,14,0,154,⚠️ Heavy traffic or long delay
2025-01-28,9,5,3,1,30.4,0.0,53,2025.0,1.0,1.0,9.0,,,,,,80.0,50.0,15.5,22,0,95,⚠️ Heavy traffic or long delay
2025-01-28,1,4,1,3,23.7,0.0,48,2025.0,1.0,1.0,9.0,,,,,,82.5,50.0,15.5,13,0,42,⚠️ Heavy traffic or long delay
2025-01-28,1,4,3,0,27.8,0.0,22,2025.0,1.0,1.0,9.0,,,,,,76.5,50.0,15.5,13,0,23,⚠️ Heavy traffic or long delay
2025-01-29,0,8,2,2,21.1,0.1,173,2025.0,1.0,1.0,9.0,,,,,,84.0,50.0,15.5,1,0,176,⚠️ Heavy traffic or long delay
2025-01-29,0,8,0,1,32.2,0.0,77,2025.0,1.0,1.0,9.0,,,,,,66.5,50.0,15.5,22,0,78,⚠️ Heavy traffic or long delay
2025-01-29,0,8,3,2,26.2,3.0,110,2025.0,1.0,1.0,9.0,,,,,,82.0,50.0,15.5,4,0,112,⚠️ Heavy traffic or long delay
2025-01-29,2,7,3,2,30.5,3.3,48,2025.0,1.0,1.0,9.0,,,,,,88.0,50.0,15.5,21,0,47,⚠️ Heavy traffic or long delay
2025-01-29,3,9,2,1,26.9,0.0,164,2025.0,1.0,1.0,9.0,,,,,,83.0,50.0,15.5,14,0,158,⚠️ Heavy traffic or long delay
2025-01-29,3,9,0,0,28.2,0.0,71,2025.0,1.0,1.0,9.0,,,,,,88.0,50.0,15.5,13,0,82,⚠️ Heavy traffic or long delay
2025-01-29,3,9,1,3,30.5,0.0,150,2025.0,1.0,1.0,9.0,,,,,,70.5,50.0,15.5,23,0,141,⚠️ Heavy traffic or long delay
2025-01-29,3,9,3,1,20.4,0.0,67,2025.0,1.0,1.0,9.0,,,,,,83.0,50.0,15.5,6,0,80,⚠️ Heavy traffic or long delay
2025-01-29,4,3,2,3,26.0,0.0,97,2025.0,1.0,1.0,9.0,,,,,,87.5,50.0,15.5,24,0,88,⚠️ Heavy traffic or long delay
2025-01-29,4,3,0,2,24.4,1.9,81,2025.0,1.0,1.0,9.0,,,,,,74.5,50.0,15.5,19,0,81,⚠️ Heavy traffic or long delay
2025-01-29,4,3,1,3,31.6,0.0,123,2025.0,1.0,1.0,9.0,,,,,,81.0,50.0,15.5,1,0,102,⚠️ Heavy traffic or long delay
2025-01-29,4,3,3,3,32.7,0.0,41,2025.0,1.0,1.0,9.0,,,,,,83.5,50.0,15.5,6,0,55,⚠️ Heavy traffic or long delay
2025-01-29,5,1,0,0,24.6,0.0,100,2025.0,1.0,1.0,9.0,,,,,,72.5,50.0,15.5,16,0,90,⚠️ Heavy traffic or long delay
2025-01-29,5,1,1,1,29.6,0.0,167,2025.0,1.0,1.0,9.0,,,,,,77.5,50.0,15.5,24,0,150,⚠️ Heavy traffic or long delay
2025-01-29,5,1,3,2,30.2,8.4,87,2025.0,1.0,1.0,9.0,,,,,,60.0,50.0,15.5,24,0,89,⚠️ Heavy traffic or long delay
2025-01-29,6,2,0,0,31.0,0.0,79,2025.0,1.0,1.0,9.0,,,,,,84.0,50.0,15.5,2,0,116,⚠️ Heavy traffic or long delay
2025-01-29,6,2,1,2,28.4,0.6,176,2025.0,1.0,1.0,9.0,,,,,,77.0,50.0,15.5,4,0,185,⚠️ Heavy traffic or long delay
2025-01-29,6,2,3,0,26.0,0.0,143,2025.0,1.0,1.0,9.0,,,,,,85.5,50.0,15.5,4,0,125,⚠️ Heavy traffic or long delay
2025-01-29,7,0,0,2,22.6,4.6,40,2025.0,1.0,1.0,9.0,,,,,,83.0,50.0,15.5,7,0,46,⚠️ Heavy traffic or long delay
2025-01-29,7,0,1,3,30.8,0.0,54,2025.0,1.0,1.0,9.0,,,,,,87.5,50.0,15.5,11,0,63,⚠️ Heavy traffic or long delay
2025-01-29,7,0,3,1,26.4,0.0,34,2025.0,1.0,1.0,9.0,,,,,,70.5,50.0,15.5,23,0,26,⚠️ Heavy traffic or long delay
2025-01-29,8,6,1,1,27.3,0.0,298,2025.0,1.0,1.0,9.0,,,,,,73.5,50.0,15.5,22,0,277,⚠️ Heavy traffic or long delay
2025-01-29,9,5,3,3,21.0,0.0,53,2025.0,1.0,1.0,9.0,,,,,,82.0,50.0,15.5,21,0,63,⚠️ Heavy traffic or long delay
2025-01-29,1,4,1,2,29.3,1.7,46,2025.0,1.0,1.0,9.0,,,,,,89.0,50.0,15.5,9,0,44,⚠️ Heavy traffic or long delay
2025-01-29,1,4,3,3,26.6,0.0,18,2025.0,1.0,1.0,9.0,,,,,,87.5,50.0,15.5,9,0,15,⚠️ Heavy traffic or long delay
2025-01-30,0,8,2,2,30.0,0.0,152,2025.0,1.0,1.0,9.0,,,,,,85.0,50.0,15.5,11,0,166,⚠️ Heavy traffic or long delay
2025-01-30,0,8,3,2,24.6,3.0,122,2025.0,1.0,1.0,9.0,,,,,,83.0,50.0,15.5,4,0,101,⚠️ Heavy traffic or long delay
2025-01-30,2,7,2,0,20.6,0.0,81,2025.0,1.0,1.0,9.0,,,,,,71.0,50.0,15.5,19,0,75,⚠️ Heavy traffic or long delay
2025-01-30,2,7,0,1,27.6,0.0,71,2025.0,1.0,1.0,9.0,,,,,,82.5,50.0,15.5,7,0,57,⚠️ Heavy traffic or long delay
2025-01-30,2,7,1,3,26.9,0.0,62,2025.0,1.0,1.0,9.0,,,,,,81.0,50.0,15.5,10,0,71,⚠️ Heavy traffic or long delay
2025-01-30,2,7,3,1,31.7,0.0,31,2025.0,1.0,1.0,9.0,,,,,,83.0,50.0,15.5,11,0,32,⚠️ Heavy traffic or long delay
2025-01-30,3,9,2,1,20.1,0.0,92,2025.0,1.0,1.0,9.0,,,,,,89.5,50.0,15.5,0,0,106,⚠️ Heavy traffic or long delay
2025-01-30,3,9,0,3,27.3,0.0,79,2025.0,1.0,1.0,9.0,,,,,,82.0,50.0,15.5,24,0,96,⚠️ Heavy traffic or long delay
2025-01-30,3,9,1,3,20.9,0.0,146,2025.0,1.0,1.0,9.0,,,,,,68.5,50.0,15.5,21,0,144,⚠️ Heavy traffic or long delay
2025-01-30,3,9,3,2,32.4,8.7,67,2025.0,1.0,1.0,9.0,,,,,,88.5,50.0,15.5,19,0,68,⚠️ Heavy traffic or long delay
2025-01-30,4,3,2,1,28.6,0.0,80,2025.0,1.0,1.0,9.0,,,,,,78.5,50.0,15.5,24,0,99,⚠️ Heavy traffic or long delay
2025-01-30,4,3,0,1,32.4,0.0,85,2025.0,1.0,1.0,9.0,,,,,,77.0,50.0,15.5,10,0,83,⚠️ Heavy traffic or long delay
2025-01-30,4,3,1,3,27.0,0.0,70,2025.0,1.0,1.0,9.0,,,,,,85.0,50.0,15.5,4,0,90,⚠️ Heavy traffic or long delay
2025-01-30,5,1,0,0,23.5,0.0,70,2025.0,1.0,1.0,9.0,,,,,,87.0,50.0,15.5,11,0,85,⚠️ Heavy traffic or long delay
2025-01-30,5,1,1,3,20.5,0.0,157,2025.0,1.0,1.0,9.0,,,,,,78.0,50.0,15.5,4,0,134,⚠️ Heavy traffic or long delay
2025-01-30,5,1,3,0,21.2,0.0,83,2025.0,1.0,1.0,9.0,,,,,,73.5,50.0,15.5,16,0,79,⚠️ Heavy traffic or long delay
2025-01-30,6,2,2,1,25.9,0.0,234,2025.0,1.0,1.0,9.0,,,,,,64.5,50.0,15.5,16,0,205,⚠️ Heavy traffic or long delay
2025-01-30,6,2,0,2,29.3,8.1,111,2025.0,1.0,1.0,9.0,,,,,,79.0,50.0,15.5,23,0,125,⚠️ Heavy traffic or long delay
2025-01-30,6,2,1,3,22.4,0.0,138,2025.0,1.0,1.0,9.0,,,,,,88.0,50.0,15.5,11,0,137,⚠️ Heavy traffic or long delay
2025-01-30,6,2,3,1,20.0,0.0,114,2025.0,1.0,1.0,9.0,,,,,,68.0,50.0,15.5,23,0,109,⚠️ Heavy traffic or long delay
2025-01-30,7,0,2,1,31.7,0.0,77,2025.0,1.0,1.0,9.0,,,,,,79.0,50.0,15.5,14,0,77,⚠️ Heavy traffic or long delay
2025-01-30,7,0,3,3,24.9,0.0,24,2025.0,1.0,1.0,9.0,,,,,,81.5,50.0,15.5,11,0,25,⚠️ Heavy traffic or long delay
2025-01-30,8,6,2,3,29.6,0.0,271,2025.0,1.0,1.0,9.0,,,,,,72.0,50.0,15.5,19,0,278,⚠️ Heavy traffic or long delay
2025-01-30,8,6,0,3,20.2,0.0,153,2025.0,1.0,1.0,9.0,,,,,,68.0,50.0,15.5,17,0,155,⚠️ Heavy traffic or long delay
2025-01-30,9,5,1,3,29.7,0.0,121,2025.0,1.0,1.0,9.0,,,,,,64.5,50.0,15.5,19,0,156,⚠️ Heavy traffic or long delay
2025-01-30,1,4,2,0,23.5,0.0,58,2025.0,1.0,1.0,9.0,,,,,,80.0,50.0,15.5,22,0,50,⚠️ Heavy traffic or long delay
2025-01-30,1,4,0,1,31.4,0.0,19,2025.0,1.0,1.0,9.0,,,,,,82.0,50.0,15.5,2,0,24,⚠️ Heavy traffic or long delay
2025-01-30,1,4,3,0,28.8,0.0,17,2025.0,1.0,1.0,9.0,,,,,,83.0,50.0,15.5,4,0,23,⚠️ Heavy traffic or long delay
